72434320,At #nips2016? Find the @SpotifyEng crew (incl. #Boston's Joe C!) to hear how #DeepLearning &amp; more are enhancing the soundtrack of your life!,Mon Dec 05 04:36:57 +0000 2016,2,[],"[{'text': 'nips2016', 'indices': [3, 12]}, {'text': 'Boston', 'indices': [47, 54]}, {'text': 'DeepLearning', 'indices': [77, 90]}]",1,,
72434320,.@twimlai Glad to learn of new #NLP theories like @cortical_io's but need results/analysis on shared tasks to motiv‚Ä¶ https://t.co/9yTjwo9amu,Sun Dec 04 17:50:29 +0000 2016,1,"[{'expanded_url': 'https://twitter.com/i/web/status/805469335397470209', 'url': 'https://t.co/9yTjwo9amu', 'indices': [117, 140], 'display_url': 'twitter.com/i/web/status/8‚Ä¶'}]","[{'text': 'NLP', 'indices': [31, 35]}]",0,,
72434320,"@AndrewYNg Daniel J. Levitin's ""This Is Your Brain on Music"" -- music (like books) is a powerful force for improving lives!",Mon Nov 28 22:18:03 +0000 2016,0,[],[],0,AndrewYNg,803317757735358464
72434320,@SethGrimes thx I have much to be grateful for. Next for me: #MachineLearning @SpotifyEng. Excited for what's next for @basistechnology too!,Mon Nov 28 17:59:18 +0000 2016,1,[],"[{'text': 'MachineLearning', 'indices': [61, 77]}]",0,SethGrimes,803295177116745728
72434320,@RakeshAgrawal good to hear from you &amp; fun to see someone I follow had RT-ed you. I'm well -- started a new gig today. Hope you're well too!,Tue Nov 15 00:49:06 +0000 2016,0,[],[],0,RakeshAgrawal,798302290033672192
72434320,Today I start giving #MachineLearning leadership to some great folks @SpotifyEng! I'm excited to serve them &amp; all o‚Ä¶ https://t.co/ZGH64ltRu6,Mon Nov 14 13:44:42 +0000 2016,10,"[{'expanded_url': 'https://twitter.com/i/web/status/798159726316027904', 'url': 'https://t.co/ZGH64ltRu6', 'indices': [121, 144], 'display_url': 'twitter.com/i/web/status/7‚Ä¶'}]","[{'text': 'MachineLearning', 'indices': [21, 37]}]",3,,
72434320,@reworksophie thanks. I've enjoyed the #reworkDL events in Boston and keep track of other @teamrework events. Any plans to return to Boston?,Mon Nov 14 11:35:17 +0000 2016,3,[],"[{'text': 'reworkDL', 'indices': [39, 48]}]",0,reworkcharlotte,798119595039014912
72434320,Deciding how to present recommendations is as important as recommendations themselves. ~@guy_lebanon (@netflix)‚Ä¶ https://t.co/UvksMs2zC8,Sat Nov 12 22:26:24 +0000 2016,1,"[{'expanded_url': 'https://twitter.com/i/web/status/797566242257256448', 'url': 'https://t.co/UvksMs2zC8', 'indices': [113, 136], 'display_url': 'twitter.com/i/web/status/7‚Ä¶'}]",[],0,,
72434320,Today I wrap up 11+ great years @basistechnology with gratitude to the diverse customers and teammates I've served:‚Ä¶ https://t.co/4OQRKJoPTe,Fri Nov 11 20:47:00 +0000 2016,5,"[{'expanded_url': 'https://twitter.com/i/web/status/797178837754900480', 'url': 'https://t.co/4OQRKJoPTe', 'indices': [117, 140], 'display_url': 'twitter.com/i/web/status/7‚Ä¶'}]",[],1,,
72434320,"Now enough #DataScience people &amp; policies in government to motivate, eg, the 100s of #NLP #EHR startups. ~@GHideas‚Ä¶ https://t.co/BUMaxXKigB",Thu Nov 10 23:12:54 +0000 2016,5,"[{'expanded_url': 'https://twitter.com/i/web/status/796853166830735360', 'url': 'https://t.co/BUMaxXKigB', 'indices': [120, 143], 'display_url': 'twitter.com/i/web/status/7‚Ä¶'}]","[{'text': 'DataScience', 'indices': [11, 23]}, {'text': 'NLP', 'indices': [89, 93]}, {'text': 'EHR', 'indices': [94, 98]}]",0,,
72434320,What really makes Alexa different isn't #DeepLearning but being designed for no screen. ~ Rohit Prasad (@amazonecho‚Ä¶ https://t.co/RlA5iFcunK,Thu Nov 10 22:42:06 +0000 2016,5,"[{'expanded_url': 'https://twitter.com/i/web/status/796845416184709122', 'url': 'https://t.co/RlA5iFcunK', 'indices': [117, 140], 'display_url': 'twitter.com/i/web/status/7‚Ä¶'}]","[{'text': 'DeepLearning', 'indices': [40, 53]}]",2,,
72434320,Tamara Broderick uses micro-credit to motivate *uncertainty/robustness-preserving* fast approximation algorithms‚Ä¶ https://t.co/oP0FUinYOT,Thu Nov 10 22:00:13 +0000 2016,2,"[{'expanded_url': 'https://twitter.com/i/web/status/796834874288173059', 'url': 'https://t.co/oP0FUinYOT', 'indices': [114, 137], 'display_url': 'twitter.com/i/web/status/7‚Ä¶'}]",[],0,,
72434320,Fun #ComputerVision+#DeepLearning tasks from Antonio Torralba @MISummitBoston: predict texture from image+sound &amp; s‚Ä¶ https://t.co/cEd7N2m8P5,Thu Nov 10 21:43:47 +0000 2016,2,"[{'expanded_url': 'https://twitter.com/i/web/status/796830742122819584', 'url': 'https://t.co/cEd7N2m8P5', 'indices': [121, 144], 'display_url': 'twitter.com/i/web/status/7‚Ä¶'}]","[{'text': 'ComputerVision', 'indices': [4, 19]}, {'text': 'DeepLearning', 'indices': [20, 33]}]",1,,
72434320,Caroline Uhler's nice theory-practice connection @MISummitBoston: new normalizing constant closed-form improves wea‚Ä¶ https://t.co/OtuiTC6J7P,Thu Nov 10 21:30:31 +0000 2016,5,"[{'expanded_url': 'https://twitter.com/i/web/status/796827400210415616', 'url': 'https://t.co/OtuiTC6J7P', 'indices': [117, 140], 'display_url': 'twitter.com/i/web/status/7‚Ä¶'}]",[],2,,
72434320,Inspired by how Regina Barzilay's survivor story motivates her use of #NLP and more to tackle cancer prediction‚Ä¶ https://t.co/BQSpPnm4Q8,Thu Nov 10 21:01:03 +0000 2016,2,"[{'expanded_url': 'https://twitter.com/i/web/status/796819985553391621', 'url': 'https://t.co/BQSpPnm4Q8', 'indices': [113, 136], 'display_url': 'twitter.com/i/web/status/7‚Ä¶'}]","[{'text': 'NLP', 'indices': [70, 74]}]",0,,
72434320,Nice to see how Tommi Jaakkola is bringing rationales to #DeepLearning @MISummitBoston. Less black-box than‚Ä¶ https://t.co/hMTixjo7Mf,Thu Nov 10 20:47:57 +0000 2016,5,"[{'expanded_url': 'https://twitter.com/i/web/status/796816690109644800', 'url': 'https://t.co/hMTixjo7Mf', 'indices': [109, 132], 'display_url': 'twitter.com/i/web/status/7‚Ä¶'}]","[{'text': 'DeepLearning', 'indices': [57, 70]}]",5,,
72434320,"@therriaultphd @JosiahParry IANAE, but maybe polling data of the 1990s (https://t.co/LZPhuEsLBl)? Aggregation seems insufficient mitigation.",Thu Nov 10 01:13:19 +0000 2016,0,"[{'expanded_url': 'http://fivethirtyeight.com/features/the-state-of-the-polls-2016/', 'url': 'https://t.co/LZPhuEsLBl', 'indices': [72, 95], 'display_url': 'fivethirtyeight.com/features/the-s‚Ä¶'}]",[],0,therriaultphd,796517929995108352
72434320,Listening post-#Election: 'poll industry in crisis' and 'plummeting response rates' -- sad. Good #DataScience + bad‚Ä¶ https://t.co/kjX7q3mCYC,Thu Nov 10 00:20:36 +0000 2016,5,"[{'expanded_url': 'https://twitter.com/i/web/status/796507815036809216', 'url': 'https://t.co/kjX7q3mCYC', 'indices': [117, 140], 'display_url': 'twitter.com/i/web/status/7‚Ä¶'}]","[{'text': 'Election', 'indices': [15, 24]}, {'text': 'DataScience', 'indices': [97, 109]}]",2,,
72434320,"#DeepLearning is no deeper than other #MachineLearning. It's a new term for an old idea, far from the human brain. ~Pascale Fung on @twimlai",Tue Nov 08 14:16:14 +0000 2016,4,[],"[{'text': 'DeepLearning', 'indices': [0, 13]}, {'text': 'MachineLearning', 'indices': [38, 54]}]",3,,
72434320,"#Boston @indigitous #Hack crew, thanks for engaging with my talk on 'Choosing a Job for the Right Reasons'! Slides: https://t.co/dsWAop1C9k",Sat Nov 05 21:53:48 +0000 2016,0,"[{'expanded_url': 'http://www.slideshare.net/dmurga/choosing-a-job-for-the-right-reasons', 'url': 'https://t.co/dsWAop1C9k', 'indices': [116, 139], 'display_url': 'slideshare.net/dmurga/choosin‚Ä¶'}]","[{'text': 'Boston', 'indices': [0, 7]}, {'text': 'Hack', 'indices': [20, 25]}]",0,,
72434320,Interesting to hear @MIT_CSAIL Ying Zhang of Bengio's MILA using CTC for many-to-one maps in RNNs (v LSTMs' problem‚Ä¶ https://t.co/Uqq8DmEshO,Tue Nov 01 20:31:42 +0000 2016,0,"[{'expanded_url': 'https://twitter.com/i/web/status/793551110871056388', 'url': 'https://t.co/Uqq8DmEshO', 'indices': [117, 140], 'display_url': 'twitter.com/i/web/status/7‚Ä¶'}]",[],0,,
72434320,Excited to mentor @indigitous‚Äôs #Hack Fri-Sun at @medialab. May explore #MachineLearning for #StopSexting challenge‚Ä¶ https://t.co/ybMLVQuqL5,Tue Nov 01 17:52:57 +0000 2016,2,"[{'expanded_url': 'https://twitter.com/i/web/status/793511159999696929', 'url': 'https://t.co/ybMLVQuqL5', 'indices': [117, 140], 'display_url': 'twitter.com/i/web/status/7‚Ä¶'}]","[{'text': 'Hack', 'indices': [32, 37]}, {'text': 'MachineLearning', 'indices': [72, 88]}, {'text': 'StopSexting', 'indices': [93, 105]}]",2,,
72434320,Nothing beats the family Halloween party at @basistechnology! This year with Awesome Robb the magician! https://t.co/HoYD5HLLrz,Fri Oct 28 20:46:16 +0000 2016,1,[],[],1,,
72434320,Ironic moment @bos_chi meet-up: as Peter Norvig warns of human inattention to #AI agents he misses his own low batt‚Ä¶ https://t.co/36C6kRjxou,Wed Oct 19 23:55:27 +0000 2016,2,"[{'expanded_url': 'https://twitter.com/i/web/status/788891342361493504', 'url': 'https://t.co/36C6kRjxou', 'indices': [117, 140], 'display_url': 'twitter.com/i/web/status/7‚Ä¶'}]","[{'text': 'AI', 'indices': [78, 81]}]",1,,
72434320,"Fun to see my long-ago colleague at iConverse, Elizabeth Hinkelman, introducing @google's #AI luminary Peter Norvig‚Ä¶ https://t.co/PQxb42TRbp",Wed Oct 19 23:10:46 +0000 2016,0,"[{'expanded_url': 'https://twitter.com/i/web/status/788880095754661888', 'url': 'https://t.co/PQxb42TRbp', 'indices': [117, 140], 'display_url': 'twitter.com/i/web/status/7‚Ä¶'}]","[{'text': 'AI', 'indices': [90, 93]}]",0,,
72434320,"Glad to learn of @GreaterGoodSC's research on the paradox of power: traits that lead to it (empathy, gratitude) can‚Ä¶ https://t.co/9nlkhV9SxZ",Sat Oct 15 15:26:17 +0000 2016,0,"[{'expanded_url': 'https://twitter.com/i/web/status/787313656157483009', 'url': 'https://t.co/9nlkhV9SxZ', 'indices': [117, 140], 'display_url': 'twitter.com/i/web/status/7‚Ä¶'}]",[],0,,
72434320,".@Apple's Oliver Bates on #Solr cross data center replicators: ours scales better, built-in one needs less operatin‚Ä¶ https://t.co/AHmmyEFJNk",Thu Oct 13 19:02:32 +0000 2016,0,"[{'expanded_url': 'https://twitter.com/i/web/status/786643301655056384', 'url': 'https://t.co/AHmmyEFJNk', 'indices': [117, 140], 'display_url': 'twitter.com/i/web/status/7‚Ä¶'}]","[{'text': 'Solr', 'indices': [26, 31]}]",0,,
72434320,Glad to hear @treygrainger of @Lucidworks kick off #lucenerevolution saying someday soon it'll be 'just #Solr' (no‚Ä¶ https://t.co/1kb0vrMs2u,Thu Oct 13 13:06:18 +0000 2016,2,"[{'expanded_url': 'https://twitter.com/i/web/status/786553649337999360', 'url': 'https://t.co/1kb0vrMs2u', 'indices': [116, 139], 'display_url': 'twitter.com/i/web/status/7‚Ä¶'}]","[{'text': 'lucenerevolution', 'indices': [51, 68]}, {'text': 'Solr', 'indices': [104, 109]}]",3,,
72434320,"Thanks to the audience @papisdotio for good discussion after my ""Managing #MachineLearning"" talk! Slides: https://t.co/MWHtK4G0my #papis2016",Wed Oct 12 17:57:54 +0000 2016,5,"[{'expanded_url': 'http://slideshare.net/dmurga/managing-machine-learning-57600123', 'url': 'https://t.co/MWHtK4G0my', 'indices': [106, 129], 'display_url': 'slideshare.net/dmurga/managin‚Ä¶'}]","[{'text': 'MachineLearning', 'indices': [74, 90]}, {'text': 'papis2016', 'indices': [130, 140]}]",2,,
72434320,Great to hear the illustrious @seanlorenz share @SenterIoT's vision for health in smart (not merely connected) home‚Ä¶ https://t.co/clZRNcR1ls,Wed Oct 12 17:54:22 +0000 2016,1,"[{'expanded_url': 'https://twitter.com/i/web/status/786263755457859584', 'url': 'https://t.co/clZRNcR1ls', 'indices': [117, 140], 'display_url': 'twitter.com/i/web/status/7‚Ä¶'}]",[],2,,
72434320,"At #papis2016 (@papisdotio)? Catch my talk on ""Managing Machine Learning"" at noon! (I just volunteered to fill that‚Ä¶ https://t.co/f5UMoVwzuM",Wed Oct 12 15:13:07 +0000 2016,6,"[{'expanded_url': 'https://twitter.com/i/web/status/786223176531349505', 'url': 'https://t.co/f5UMoVwzuM', 'indices': [117, 140], 'display_url': 'twitter.com/i/web/status/7‚Ä¶'}]","[{'text': 'papis2016', 'indices': [3, 13]}]",3,,
72434320,"Enjoyed @byron_c_wallace (@MIT_CSAIL) on ""rationale"" supervision - #deeplearning on sentences for their relevance t‚Ä¶ https://t.co/R2URZi2gmW",Tue Oct 11 20:40:25 +0000 2016,0,"[{'expanded_url': 'https://twitter.com/i/web/status/785943158081191936', 'url': 'https://t.co/R2URZi2gmW', 'indices': [117, 140], 'display_url': 'twitter.com/i/web/status/7‚Ä¶'}]","[{'text': 'deeplearning', 'indices': [67, 80]}]",0,,
72434320,"Glad to learn from @chalengem @papisdotio that @salesforce's #Einstein #AI isn't vaporware but ""still done for user‚Ä¶ https://t.co/dOxjHAaA8E",Tue Oct 11 18:59:55 +0000 2016,4,"[{'expanded_url': 'https://twitter.com/i/web/status/785917864456826880', 'url': 'https://t.co/dOxjHAaA8E', 'indices': [117, 140], 'display_url': 'twitter.com/i/web/status/7‚Ä¶'}]","[{'text': 'Einstein', 'indices': [61, 70]}, {'text': 'AI', 'indices': [71, 74]}]",6,,
72434320,Good takeaway from @ronnyk et al's Rules of Thumb for Web Expts: run univariable A/B tests to align with #Agile dev. https://t.co/KUGWTKe17j,Fri Oct 07 10:56:58 +0000 2016,1,"[{'expanded_url': 'http://bit.ly/expRulesOfThumb', 'url': 'https://t.co/KUGWTKe17j', 'indices': [117, 140], 'display_url': 'bit.ly/expRulesOfThumb'}]","[{'text': 'Agile', 'indices': [105, 111]}]",0,,
72434320,"Interesting @spare5 service: data annotators who are like your endusers (eg, demographically) -- presumably ups agr‚Ä¶ https://t.co/xPEbb9UwW5",Fri Sep 30 13:02:54 +0000 2016,4,"[{'expanded_url': 'https://twitter.com/i/web/status/781841753863233536', 'url': 'https://t.co/xPEbb9UwW5', 'indices': [117, 140], 'display_url': 'twitter.com/i/web/status/7‚Ä¶'}]",[],2,,
72434320,This is helpful (orig:@KirkDBorne) but could confuse (acc/prec) v (bias/var). The former are measures of the latter. https://t.co/V0zbqjAulS,Mon Sep 19 00:10:47 +0000 2016,0,"[{'expanded_url': 'https://twitter.com/Ronald_vanLoon/status/776896725399310336', 'url': 'https://t.co/V0zbqjAulS', 'indices': [117, 140], 'display_url': 'twitter.com/Ronald_vanLoon‚Ä¶'}]",[],0,,
72434320,#DeepLearning seems best for semi-deterministic tasks with underlying structure. I'm not sure #AdTech is that. ~@claudia_perlich #recsys2016,Sat Sep 17 14:00:40 +0000 2016,8,[],"[{'text': 'DeepLearning', 'indices': [0, 13]}, {'text': 'AdTech', 'indices': [94, 101]}, {'text': 'recsys2016', 'indices': [129, 140]}]",3,,
72434320,#AdTech models that exploit just predictability end up targeting bots and accidents. ~ @claudia_perlich #recsys2016 https://t.co/WXEjm93JdD,Sat Sep 17 13:43:34 +0000 2016,0,[],"[{'text': 'AdTech', 'indices': [0, 7]}, {'text': 'recsys2016', 'indices': [104, 115]}]",0,,
72434320,Good #MachineLearning + Bad Metrics = disaster (especially in #AdTech) ~ @claudia_perlich @ACMRecSys #recsys2016 https://t.co/zjJ8xtAoFS,Sat Sep 17 13:12:46 +0000 2016,5,[],"[{'text': 'MachineLearning', 'indices': [5, 21]}, {'text': 'AdTech', 'indices': [62, 69]}, {'text': 'recsys2016', 'indices': [101, 112]}]",4,,
72434320,#DeepLearning + #neuralnetwork (combined) is the top #recsys2016 keyword (but IMHO still less than other app confs). https://t.co/Tb7gvY1IQo,Sat Sep 17 12:57:38 +0000 2016,0,[],"[{'text': 'DeepLearning', 'indices': [0, 13]}, {'text': 'neuralnetwork', 'indices': [16, 30]}, {'text': 'recsys2016', 'indices': [53, 64]}]",0,,
72434320,"Glad to be representing @basistechnology at @MassTLC's #MTLCAwards, celebrating with many friends who are nominated! https://t.co/bLUZ7dASXR",Wed Sep 14 23:13:33 +0000 2016,1,[],"[{'text': 'MTLCAwards', 'indices': [55, 66]}]",2,,
72434320,Excited for ingest nodes in #Elasticsearch 5.0 and the enrichment (eg #NLP) they'll enable. üì∑:@skearns64 of @elastic https://t.co/A4eJzzjEhY,Thu Sep 08 22:41:34 +0000 2016,2,[],"[{'text': 'Elasticsearch', 'indices': [28, 42]}, {'text': 'NLP', 'indices': [70, 74]}]",0,,
72434320,Funny @AOLAdvertising #AdFail for Friday afternoon: @KelloggsUS's Raisin Bran *Crunch* on @crunchbase. (#NLP #WSD?) https://t.co/il6IKgnzBU,Fri Sep 02 19:30:35 +0000 2016,2,[],"[{'text': 'AdFail', 'indices': [22, 29]}, {'text': 'NLP', 'indices': [104, 108]}, {'text': 'WSD', 'indices': [109, 113]}]",0,,
72434320,Glad to add #EHR/#EMR management and analysis to the applications benefiting from @RosetteAPI's #NLP goodness! https://t.co/3nwm4OkEuj,Thu Sep 01 16:33:00 +0000 2016,1,"[{'expanded_url': 'https://twitter.com/basistechnology/status/771351282594541569', 'url': 'https://t.co/3nwm4OkEuj', 'indices': [111, 134], 'display_url': 'twitter.com/basistechnolog‚Ä¶'}]","[{'text': 'EHR', 'indices': [12, 16]}, {'text': 'EMR', 'indices': [17, 21]}, {'text': 'NLP', 'indices': [96, 100]}]",1,,
72434320,"#AlphaGo wasn't man v machine, it was man v research team. #DeepLearning is still lots of engineering by humans.~@etzioni on @software_daily",Wed Aug 31 13:43:22 +0000 2016,2,[],"[{'text': 'AlphaGo', 'indices': [0, 8]}, {'text': 'DeepLearning', 'indices': [59, 72]}]",0,,
72434320,TIL @Kasparov63 mistook a #DeepBlue bug for smarts! Question #AI output. #Interpretability https://t.co/fY5spQh4w2 https://t.co/8qQxJSe6Yv,Fri Aug 12 14:26:34 +0000 2016,0,"[{'expanded_url': 'https://www.washingtonpost.com/blogs/ezra-klein/wp/2012/09/26/nate-silvers-the-signal-and-the-noise/', 'url': 'https://t.co/fY5spQh4w2', 'indices': [91, 114], 'display_url': 'washingtonpost.com/blogs/ezra-kle‚Ä¶'}, {'expanded_url': 'https://twitter.com/bigdata/status/763746184267653120', 'url': 'https://t.co/8qQxJSe6Yv', 'indices': [115, 138], 'display_url': 'twitter.com/bigdata/status‚Ä¶'}]","[{'text': 'DeepBlue', 'indices': [26, 35]}, {'text': 'AI', 'indices': [61, 64]}, {'text': 'Interpretability', 'indices': [73, 90]}]",0,,
72434320,Learn about this and even more new API features like extended Japanese and Malay support at https://t.co/ZZdMEEb4cl! https://t.co/sZzRXvWFOk,Wed Aug 10 18:30:52 +0000 2016,2,"[{'expanded_url': 'https://developer.rosette.com/release-notes', 'url': 'https://t.co/ZZdMEEb4cl', 'indices': [92, 115], 'display_url': 'developer.rosette.com/release-notes'}, {'expanded_url': 'https://twitter.com/RosetteAPI/status/763395011840974848', 'url': 'https://t.co/sZzRXvWFOk', 'indices': [117, 140], 'display_url': 'twitter.com/RosetteAPI/sta‚Ä¶'}]",[],1,,
72434320,Cool to see a talk on this knowledge-distilled #LSTM (üé• via @hugo_larochelle). #WordEmbeddings on #EmbeddedSystems! https://t.co/AHlID3K5tC,Wed Aug 10 12:19:23 +0000 2016,0,"[{'expanded_url': 'https://twitter.com/harvardnlp/status/747838333653553154', 'url': 'https://t.co/AHlID3K5tC', 'indices': [116, 139], 'display_url': 'twitter.com/harvardnlp/sta‚Ä¶'}]","[{'text': 'LSTM', 'indices': [47, 52]}, {'text': 'WordEmbeddings', 'indices': [79, 94]}, {'text': 'EmbeddedSystems', 'indices': [98, 114]}]",0,,
72434320,At #acl2016berlin? Chat with @yuvalmerhav &amp; @hilleltt about our widely-used #NLP. Try it now:https://t.co/imvB8pWviK https://t.co/BEnt2IqK6A,Sun Aug 07 13:13:17 +0000 2016,3,"[{'expanded_url': 'https://api.rosette.com/', 'url': 'https://t.co/imvB8pWviK', 'indices': [97, 120], 'display_url': 'api.rosette.com'}]","[{'text': 'acl2016berlin', 'indices': [3, 17]}, {'text': 'NLP', 'indices': [80, 84]}]",5,,
72434320,#DataScience's biggest customer request is leveraging text &amp; biggest team struggle is workflow ~ @clarecorthell on @twimlai. #NLProc #Agile,Fri Aug 05 13:04:50 +0000 2016,1,[],"[{'text': 'DataScience', 'indices': [0, 12]}, {'text': 'NLProc', 'indices': [129, 136]}, {'text': 'Agile', 'indices': [137, 143]}]",1,,
72434320,"Thanks to @scratch, my 8-yr-old just shared her first program, a #Narnia math game: https://t.co/wCoMZpArIz! #ScratchMIT2016 #GirlsWhoCode",Wed Aug 03 13:47:25 +0000 2016,3,"[{'expanded_url': 'https://scratch.mit.edu/projects/115683614/', 'url': 'https://t.co/wCoMZpArIz', 'indices': [84, 107], 'display_url': 'scratch.mit.edu/projects/11568‚Ä¶'}]","[{'text': 'Narnia', 'indices': [65, 72]}, {'text': 'ScratchMIT2016', 'indices': [109, 124]}, {'text': 'GirlsWhoCode', 'indices': [125, 138]}]",0,,
72434320,Nice example by @ryan_p_adams on @TlkngMchns of #GOFAI (Tree Search) complementing #DeepLearning in #AlphaGo. Real world tasks need hybrids.,Fri Jul 29 13:49:21 +0000 2016,2,[],"[{'text': 'GOFAI', 'indices': [48, 54]}, {'text': 'DeepLearning', 'indices': [83, 96]}, {'text': 'AlphaGo', 'indices': [100, 108]}]",0,,
72434320,Good reminder that #DataScience needs #agile as much as it needs algorithms. My take on how: https://t.co/yTytVVggZP https://t.co/iODkvnyyiD,Thu Jul 28 23:01:40 +0000 2016,0,"[{'expanded_url': 'http://www.slideshare.net/dmurga/managing-machine-learning-57600123', 'url': 'https://t.co/yTytVVggZP', 'indices': [93, 116], 'display_url': 'slideshare.net/dmurga/managin‚Ä¶'}, {'expanded_url': 'https://twitter.com/bigdata/status/758680141933322240', 'url': 'https://t.co/iODkvnyyiD', 'indices': [117, 140], 'display_url': 'twitter.com/bigdata/status‚Ä¶'}]","[{'text': 'DataScience', 'indices': [19, 31]}, {'text': 'agile', 'indices': [38, 44]}]",0,,
72434320,#DeepLearning will soon dominate #InformationRetrieval. Collaborate w/#NLP-ers! ~@chrmanning #SIGIR2016üì∑:@AldoLipani https://t.co/kRENhfcWiD,Mon Jul 18 12:48:38 +0000 2016,3,[],"[{'text': 'DeepLearning', 'indices': [0, 13]}, {'text': 'InformationRetrieval', 'indices': [33, 54]}, {'text': 'NLP', 'indices': [70, 74]}, {'text': 'SIGIR2016', 'indices': [93, 103]}]",3,,
72434320,Surpassing humans on #NLP tasks we're not great at requires a #MinViProd w/users &amp; clever #ReinforcementLearning. ~@haldaume3 on @TlkngMchns,Sun Jul 10 00:04:57 +0000 2016,0,[],"[{'text': 'NLP', 'indices': [21, 25]}, {'text': 'MinViProd', 'indices': [62, 72]}, {'text': 'ReinforcementLearning', 'indices': [94, 116]}]",1,,
72434320,Good luck to my old cube-wall mate way back at Wildfire on his next chapter in ed tech! https://t.co/ZJHUoqIIc8,Thu Jul 07 17:28:58 +0000 2016,0,"[{'expanded_url': 'https://twitter.com/richminer/status/751054719506903040', 'url': 'https://t.co/ZJHUoqIIc8', 'indices': [88, 111], 'display_url': 'twitter.com/richminer/stat‚Ä¶'}]",[],0,,
72434320,Reciprocal Data App - a helpful term and insights for #MachineLearning #NetworkEffect from @dbreunig: https://t.co/54DPU7JdTl (HT @twimlai),Wed Jul 06 13:37:46 +0000 2016,5,"[{'expanded_url': 'https://medium.com/@dbreunig/the-business-implications-of-machine-learning-11480b99184d', 'url': 'https://t.co/54DPU7JdTl', 'indices': [102, 125], 'display_url': 'medium.com/@dbreunig/the-‚Ä¶'}]","[{'text': 'MachineLearning', 'indices': [54, 70]}, {'text': 'NetworkEffect', 'indices': [71, 85]}]",5,,
72434320,"Fellow #MachineLearning &amp; #NLP-ers, join me February speaking in #Tokyo! CFP ends Jul 15! https://t.co/VUQV5TJqwu https://t.co/Fc4fogCpPl",Mon Jun 27 16:37:08 +0000 2016,0,"[{'expanded_url': 'http://www.bigdatacon.jp/en/call-for-presentations/', 'url': 'https://t.co/VUQV5TJqwu', 'indices': [94, 117], 'display_url': 'bigdatacon.jp/en/call-for-pr‚Ä¶'}]","[{'text': 'MachineLearning', 'indices': [7, 23]}, {'text': 'NLP', 'indices': [30, 34]}, {'text': 'Tokyo', 'indices': [69, 75]}]",1,,
72434320,TIL @Google's used #MachineLearning for #search ranking just a year. Pre-#RankBrain it was @theamitsinghal's brain! https://t.co/4iOJg9NcrD,Sat Jun 25 16:55:17 +0000 2016,1,"[{'expanded_url': 'https://backchannel.com/how-google-is-remaking-itself-as-a-machine-learning-first-company-ada63defcb70#.6x7lkpjlm', 'url': 'https://t.co/4iOJg9NcrD', 'indices': [116, 139], 'display_url': 'backchannel.com/how-google-is-‚Ä¶'}]","[{'text': 'MachineLearning', 'indices': [19, 35]}, {'text': 'search', 'indices': [40, 47]}, {'text': 'RankBrain', 'indices': [73, 83]}]",2,,
72434320,"Our texts don't reflect our full reality since they focus on novelty, making firefighters look bad. ~@haldaume3 https://t.co/rq066V8lLl #NLP",Fri Jun 24 17:16:43 +0000 2016,0,"[{'expanded_url': 'http://nlpers.blogspot.com/2016/06/language-bias-and-black-sheep.html', 'url': 'https://t.co/rq066V8lLl', 'indices': [112, 135], 'display_url': 'nlpers.blogspot.com/2016/06/langua‚Ä¶'}]","[{'text': 'NLP', 'indices': [136, 140]}]",0,,
72434320,Agree with @ryan_p_adams (on @TlkngMchns) that rigorous experimental methods beat cool models for real world #MachineLearning. #StartSimple,Mon Jun 20 21:37:17 +0000 2016,0,[],"[{'text': 'MachineLearning', 'indices': [109, 125]}, {'text': 'StartSimple', 'indices': [127, 139]}]",0,,
72434320,At #naacl2016? The @basistechnology crew'd love to chat about our widely-used #NLP. Try it: https://t.co/imvB8pWviK! https://t.co/wEbCPh7WpL,Mon Jun 13 14:04:16 +0000 2016,1,"[{'expanded_url': 'https://api.rosette.com/', 'url': 'https://t.co/imvB8pWviK', 'indices': [92, 115], 'display_url': 'api.rosette.com'}]","[{'text': 'naacl2016', 'indices': [3, 13]}, {'text': 'NLP', 'indices': [78, 82]}]",2,,
72434320,Now anyone can apply the world's most-used multilingual #NLP software (@RosetteAPI) with zero code via @RapidMiner! https://t.co/g8PPrfGSIp,Wed Jun 01 15:13:39 +0000 2016,2,"[{'expanded_url': 'https://twitter.com/RapidMiner/status/738017521173975040', 'url': 'https://t.co/g8PPrfGSIp', 'indices': [116, 139], 'display_url': 'twitter.com/RapidMiner/sta‚Ä¶'}]","[{'text': 'NLP', 'indices': [56, 60]}]",0,,
72434320,"""A next-generation #NLP platform is flexibly adaptable to new data sources, languages, and analysis goals..."" +1 https://t.co/QKsFzP7wl7",Tue May 31 22:00:50 +0000 2016,0,"[{'expanded_url': 'https://twitter.com/sethgrimes/status/737619876349628416', 'url': 'https://t.co/QKsFzP7wl7', 'indices': [113, 136], 'display_url': 'twitter.com/sethgrimes/sta‚Ä¶'}]","[{'text': 'NLP', 'indices': [19, 23]}]",3,,
72434320,"Given the tech debt producing potential of #MachineLearning, it ought to be our algorithmic approach of last resort. But what a cool resort!",Mon May 23 15:00:49 +0000 2016,3,[],"[{'text': 'MachineLearning', 'indices': [43, 59]}]",0,,
72434320,"Thanks for the encouragement, @tom_cogsci! Best of luck on that road! https://t.co/inBpOxw3pl",Sun May 22 17:54:19 +0000 2016,0,"[{'expanded_url': 'https://twitter.com/tom_cogsci/status/734429264813166593', 'url': 'https://t.co/inBpOxw3pl', 'indices': [70, 93], 'display_url': 'twitter.com/tom_cogsci/sta‚Ä¶'}]",[],0,,
72434320,Thanks to the audience @odsc for good discussion after my talk on Managing #MachineLearning (w/#Agile)! Slides:https://t.co/yTytVVxSop #ODSC,Sun May 22 17:53:28 +0000 2016,5,"[{'expanded_url': 'http://www.slideshare.net/dmurga/managing-machine-learning-57600123', 'url': 'https://t.co/yTytVVxSop', 'indices': [111, 134], 'display_url': 'slideshare.net/dmurga/managin‚Ä¶'}]","[{'text': 'MachineLearning', 'indices': [75, 91]}, {'text': 'Agile', 'indices': [95, 101]}, {'text': 'ODSC', 'indices': [135, 140]}]",2,,
72434320,"#DataScience #Boston-ians, I'd love to share lessons from 'Managing #MachineLearning' with you! Be @odsc 5/22 https://t.co/v1IK3rif8Z #ODSC",Fri May 13 18:16:07 +0000 2016,8,"[{'expanded_url': 'https://www.odsc.com/boston/schedule#saturday', 'url': 'https://t.co/v1IK3rif8Z', 'indices': [110, 133], 'display_url': 'odsc.com/boston/schedul‚Ä¶'}]","[{'text': 'DataScience', 'indices': [0, 12]}, {'text': 'Boston', 'indices': [13, 20]}, {'text': 'MachineLearning', 'indices': [68, 84]}, {'text': 'ODSC', 'indices': [134, 139]}]",4,,
72434320,Enjoyed @ryan_p_adams's intro to #SparseCoding on @TlkngMchns. New to my #NLProc-centric view of #MachineLearning. #InterpretabilityMatters,Sun May 08 20:43:35 +0000 2016,1,[],"[{'text': 'SparseCoding', 'indices': [33, 46]}, {'text': 'NLProc', 'indices': [73, 80]}, {'text': 'MachineLearning', 'indices': [97, 113]}, {'text': 'InterpretabilityMatters', 'indices': [115, 139]}]",2,,
72434320,Cool to see @redpony improving #DeepLearning+#NLProc with classic concepts of linguistic structure: FSTs &amp; Shift-Reduce! #ICLR2016 @iclr2016,Tue May 03 11:34:51 +0000 2016,3,[],"[{'text': 'DeepLearning', 'indices': [31, 44]}, {'text': 'NLProc', 'indices': [45, 52]}, {'text': 'ICLR2016', 'indices': [125, 134]}]",3,,
72434320,"RIP @davidjcmackay, pillar of #MachineLearning, #Sustainability &amp; a great ultimate frisbee teammate @DarwinCollege. https://t.co/At7Grbjq02",Sat Apr 23 10:39:24 +0000 2016,1,"[{'expanded_url': 'http://www.theguardian.com/environment/2016/apr/18/sir-david-mackay-obituary', 'url': 'https://t.co/At7Grbjq02', 'indices': [120, 143], 'display_url': 'theguardian.com/environment/20‚Ä¶'}]","[{'text': 'MachineLearning', 'indices': [30, 46]}, {'text': 'Sustainability', 'indices': [48, 63]}]",1,,
72434320,It's unfortunate how little #MachineLearning is done in the #DevelopingWorld where it's needed most. ~@lawrennd  via @TlkngMchns,Fri Apr 08 12:05:53 +0000 2016,7,[],"[{'text': 'MachineLearning', 'indices': [28, 44]}, {'text': 'DevelopingWorld', 'indices': [60, 76]}]",8,,
72434320,"Excited to give you access to the same accurate, fast, multi-ling #NLProc used by @LinkedIn, @CustomsBorder &amp; more! https://t.co/6bNYOoMz6N",Wed Apr 06 15:16:25 +0000 2016,4,"[{'expanded_url': 'https://twitter.com/RosetteAPI/status/717729928217755649', 'url': 'https://t.co/6bNYOoMz6N', 'indices': [120, 143], 'display_url': 'twitter.com/RosetteAPI/sta‚Ä¶'}]","[{'text': 'NLProc', 'indices': [66, 73]}]",2,,
72434320,Cool to see @kaydeeb0y's work adding human perspectives to #GraphicalModels for socially beneficial #NLProc. #HLTCon https://t.co/2t7qu14GUR,Thu Mar 31 17:41:04 +0000 2016,4,[],"[{'text': 'GraphicalModels', 'indices': [59, 75]}, {'text': 'NLProc', 'indices': [100, 107]}, {'text': 'HLTCon', 'indices': [109, 116]}]",3,,
72434320,"Pragmatics is the next frontier of #MachineTranslation, using user context.~Patti O'N.-B. @CIA #NLProc Chief #HLTcon https://t.co/J6ONFNhEUk",Thu Mar 31 12:53:43 +0000 2016,3,[],"[{'text': 'MachineTranslation', 'indices': [35, 54]}, {'text': 'NLProc', 'indices': [95, 102]}, {'text': 'HLTcon', 'indices': [109, 116]}]",4,,
72434320,#MachineIntelligence isn't plugging in tech; it requires a shift in how teams build products ~@shivon (@HumeKathryn) https://t.co/OHqjnfbqn2,Wed Mar 30 20:41:53 +0000 2016,1,"[{'expanded_url': 'http://blog.fastforwardlabs.com/post/141957837058/shivon-zilis-on-the-machine-intelligence-landscape', 'url': 'https://t.co/OHqjnfbqn2', 'indices': [117, 140], 'display_url': 'blog.fastforwardlabs.com/post/141957837‚Ä¶'}]","[{'text': 'MachineIntelligence', 'indices': [0, 20]}]",1,,
72434320,"Agree w/@ryan_p_adams/@TlkngMchns: diversity of #MachineLearning tribes inhibits generic APIs. Instead target a tribe (or task, eg #NLProc).",Mon Mar 28 13:07:13 +0000 2016,5,[],"[{'text': 'MachineLearning', 'indices': [48, 64]}, {'text': 'NLProc', 'indices': [131, 138]}]",5,,
72434320,.@egrefen (@DeepMindAI) explains a cool #DeepLearning add on: memory supporting uncertainty &amp; training #NIPS2015 pub https://t.co/OaRFVXgmkc,Thu Mar 10 16:43:33 +0000 2016,1,[],"[{'text': 'DeepLearning', 'indices': [40, 53]}, {'text': 'NIPS2015', 'indices': [107, 116]}]",0,,
72434320,"Fellow members of the #Boston #NLProc+#DeepLearning community, I hope to see you there...  https://t.co/udYF818sOm",Tue Mar 01 12:20:53 +0000 2016,2,"[{'expanded_url': 'https://twitter.com/egrefen/status/704330633154273280', 'url': 'https://t.co/udYF818sOm', 'indices': [91, 114], 'display_url': 'twitter.com/egrefen/status‚Ä¶'}]","[{'text': 'Boston', 'indices': [22, 29]}, {'text': 'NLProc', 'indices': [30, 37]}, {'text': 'DeepLearning', 'indices': [38, 51]}]",3,,
72434320,Congrats @MattAtMIT on @SpotlightMovie's #Oscar! I only wish you had had #OpticalCharRecog/#TextAnalytics to ease searching the clergy dirs.,Mon Feb 29 17:40:39 +0000 2016,0,[],"[{'text': 'Oscar', 'indices': [41, 47]}, {'text': 'OpticalCharRecog', 'indices': [73, 90]}, {'text': 'TextAnalytics', 'indices': [91, 105]}]",0,,
72434320,Such a fun @RosetteAPI hackathon @basistechnology! Ours finds sarcastic tweets with text+images! Inspired by @dbamman+@nlpnoah's @icwsm pub.,Fri Feb 26 22:08:45 +0000 2016,3,[],[],1,dmurga,702923517583609856
72434320,The team @basistech is excited about kicking-off our @RosetteAPI hackathon! Demos in 27 hours! #NLProc https://t.co/9VgVZyz9IH,Thu Feb 25 18:30:00 +0000 2016,5,[],"[{'text': 'NLProc', 'indices': [95, 102]}]",4,,
72434320,TIL @BrownCSDept's Michael Littman is not just in a @TurboTax Ad but sang Thriller on #overfitting! https://t.co/IQkRes8BN0 (HT @TlkngMchns),Thu Feb 25 13:52:53 +0000 2016,2,"[{'expanded_url': 'https://youtu.be/DQWI1kvmwRg', 'url': 'https://t.co/IQkRes8BN0', 'indices': [100, 123], 'display_url': 'youtu.be/DQWI1kvmwRg'}]","[{'text': 'overfitting', 'indices': [86, 98]}]",2,,
72434320,Glad to have been part of all 3 of these #NLProc #hackathons! Very cool to see other devs excited to use your stuff. https://t.co/3VrVYRmERK,Fri Feb 12 21:48:28 +0000 2016,3,"[{'expanded_url': 'https://twitter.com/basistechnology/status/698243179544444928', 'url': 'https://t.co/3VrVYRmERK', 'indices': [117, 140], 'display_url': 'twitter.com/basistechnolog‚Ä¶'}]","[{'text': 'NLProc', 'indices': [41, 48]}, {'text': 'hackathons', 'indices': [49, 60]}]",1,,
72434320,Fun @GoogleMaps #SearchFail -- probably led astray by @HarvardHBS's @RedLobster case study. https://t.co/FfNol55Bws https://t.co/lYrUWNkJDj,Thu Feb 11 02:35:13 +0000 2016,1,"[{'expanded_url': 'http://www.boston.com/food-dining/restaurants/2016/02/10/when-you-google-map-red-lobster-boston-takes-you-harvard-business-school/k6oPpts3iJdXmcOHz6sLBK/story.html?p1=story_hp', 'url': 'https://t.co/FfNol55Bws', 'indices': [92, 115], 'display_url': 'boston.com/food-dining/re‚Ä¶'}]","[{'text': 'SearchFail', 'indices': [16, 27]}]",0,,
72434320,"@hmason @SocialSecurity's Death Master File: name, birth &amp; death dates for virtually everyone who's died with an SSN https://t.co/OGN2H7yOmA",Sat Jan 30 11:35:41 +0000 2016,0,"[{'expanded_url': 'http://www.ntis.gov/products/ssa-dmf/', 'url': 'https://t.co/OGN2H7yOmA', 'indices': [121, 144], 'display_url': 'ntis.gov/products/ssa-d‚Ä¶'}]",[],0,hmason,692400678166208513
72434320,Jason Eisner's 3 #MachineLearning cultures: https://t.co/fz0wEc8vna. It'd be fun to overlay @pmddomingos's 5 tribes. https://t.co/Me0EDFNYgK,Fri Jan 29 22:21:19 +0000 2016,1,"[{'expanded_url': 'http://cs.jhu.edu/~jason/tutorials/ml-simplex.html', 'url': 'https://t.co/fz0wEc8vna', 'indices': [44, 67], 'display_url': 'cs.jhu.edu/~jason/tutoria‚Ä¶'}]","[{'text': 'MachineLearning', 'indices': [17, 33]}]",3,,
72434320,@jjude GPL is maybe 'open source with a forced heart'. 'Open source with a closed heart' is bait-and-switching open source users for profit.,Fri Jan 29 13:51:21 +0000 2016,0,[],[],1,jjude,693064931403403264
72434320,"Agree w/@AndrewYNg that we want ""open source with an open heart"" rather than subtle lock-in to an ecosystem (HT @Heather_MPhipps). #reworkDL",Thu Jan 28 19:26:40 +0000 2016,31,[],"[{'text': 'reworkDL', 'indices': [131, 140]}]",18,,
72434320,Thx @MarkHaseltine &amp; @MassTLC CTO/VPEs for a great Managing #MachineLearning convo! Slides: https://t.co/yTytVVxSop https://t.co/kIAl1TNCFj,Thu Jan 28 12:04:31 +0000 2016,7,"[{'expanded_url': 'http://www.slideshare.net/dmurga/managing-machine-learning-57600123', 'url': 'https://t.co/yTytVVxSop', 'indices': [96, 119], 'display_url': 'slideshare.net/dmurga/managin‚Ä¶'}]","[{'text': 'MachineLearning', 'indices': [64, 80]}]",4,,
72434320,Can't decide which way #Siri mistranscribed 'hackathon' while drafting an email about @HackBeanpot is my favorite... https://t.co/WHzZ5r5Y8r,Tue Jan 26 13:45:31 +0000 2016,1,[],"[{'text': 'Siri', 'indices': [23, 28]}]",1,,
72434320,.@MassTLC CTOs/VPEs join @MarkHaseltine &amp; me to talk 'Managing #MachineLearning' Wednesday! https://t.co/qurPvVPClw https://t.co/rSOpe6VD4h,Mon Jan 25 13:39:21 +0000 2016,2,"[{'expanded_url': 'http://www.masstlc.org/events/EventDetails.aspx?id=745178&group=', 'url': 'https://t.co/qurPvVPClw', 'indices': [96, 119], 'display_url': 'masstlc.org/events/EventDe‚Ä¶'}]","[{'text': 'MachineLearning', 'indices': [67, 83]}]",3,,
72434320,Showing some @basistechnology love to the smarties at @HackBeanpot. See me in the mentor room to talk #NLProc hacks! https://t.co/LSBxyXxMR8,Sat Jan 23 02:31:05 +0000 2016,6,[],"[{'text': 'NLProc', 'indices': [102, 109]}]",3,,
72434320,A bit of embarrasment for @GoogleTranslate by #MachineLearning left 'unsupervised' ... https://t.co/XGch0Zri26 https://t.co/ZAO5CHy70j,Fri Jan 08 03:29:58 +0000 2016,1,"[{'expanded_url': 'http://www.theguardian.com/technology/2016/jan/07/google-translates-russia-mordor-foreign-minister-ukrainian', 'url': 'https://t.co/XGch0Zri26', 'indices': [87, 110], 'display_url': 'theguardian.com/technology/201‚Ä¶'}]","[{'text': 'MachineLearning', 'indices': [46, 62]}]",2,,
72434320,"""need the tools of #Statistics (eg ... calibrated error¬≠-bars) when we deploy [#MachineLearning] in the real world."" https://t.co/5X6lkvK7Da",Tue Dec 29 17:38:26 +0000 2015,0,"[{'expanded_url': 'https://twitter.com/ylecun/status/681871033838653441', 'url': 'https://t.co/5X6lkvK7Da', 'indices': [117, 140], 'display_url': 'twitter.com/ylecun/status/‚Ä¶'}]","[{'text': 'Statistics', 'indices': [19, 30]}, {'text': 'MachineLearning', 'indices': [79, 95]}]",1,,
72434320,Congrats to the crew from @basistechnology (esp MVP @conoagil) for winning @TavernintheSq's trivia night! https://t.co/ss5u5EiqRH,Thu Dec 17 22:13:23 +0000 2015,3,[],[],2,,
72434320,A great conference with an even better purpose honoring one of my favorite profs from undergrad @RiceUniversity... https://t.co/M6LFhXyxak,Thu Dec 17 00:30:09 +0000 2015,1,"[{'expanded_url': 'https://twitter.com/Tapia_con/status/677126144588570625', 'url': 'https://t.co/M6LFhXyxak', 'indices': [115, 138], 'display_url': 'twitter.com/Tapia_con/stat‚Ä¶'}]",[],0,,
72434320,.@PalantirTech just reduces human-machine friction -- there's no #MachineLearning. ~ Mike Del Balso of @Uber at #mkt4intel (HT @cwh02139),Tue Dec 15 20:47:27 +0000 2015,0,[],"[{'text': 'MachineLearning', 'indices': [65, 81]}, {'text': 'mkt4intel', 'indices': [112, 122]}]",0,,
72434320,"@adiotech, I'll give this the 'sincerest form of flattery' benefit of the doubt (cf., https://t.co/UDq8RYl89x) ... https://t.co/cD4p1Kib0o",Tue Dec 01 16:58:19 +0000 2015,0,"[{'expanded_url': 'https://twitter.com/dmurga/status/671702222233800704', 'url': 'https://t.co/UDq8RYl89x', 'indices': [86, 109], 'display_url': 'twitter.com/dmurga/status/‚Ä¶'}, {'expanded_url': 'https://twitter.com/aidotech/status/671703497126080512', 'url': 'https://t.co/cD4p1Kib0o', 'indices': [115, 138], 'display_url': 'twitter.com/aidotech/statu‚Ä¶'}]",[],0,adiotech,
72434320,"Just got @chrmanning‚Äôs ""subliminal"" msg: #word2vec is the Sriracha of #NLProc+#DeepLearning ‚Äî taste w/o the modeling https://t.co/BvaJ6XygH6",Tue Dec 01 14:47:44 +0000 2015,0,"[{'expanded_url': 'http://techtalks.tv/talks/computational-linguistics-and-deep-learning/61759/', 'url': 'https://t.co/BvaJ6XygH6', 'indices': [117, 140], 'display_url': 'techtalks.tv/talks/computat‚Ä¶'}]","[{'text': 'word2vec', 'indices': [41, 50]}, {'text': 'NLProc', 'indices': [70, 77]}, {'text': 'DeepLearning', 'indices': [78, 91]}]",0,,
72434320,This is the best quote from the #TensorFlow paper. #WriteOnceRunAnywhere meets #DeepLearning https://t.co/RamzPrSKnt https://t.co/tRVijdfCxS,Tue Nov 24 14:08:22 +0000 2015,1,"[{'expanded_url': 'http://tensorflow.org', 'url': 'https://t.co/RamzPrSKnt', 'indices': [93, 116], 'display_url': 'tensorflow.org'}]","[{'text': 'TensorFlow', 'indices': [32, 43]}, {'text': 'WriteOnceRunAnywhere', 'indices': [51, 72]}, {'text': 'DeepLearning', 'indices': [79, 92]}]",0,,
72434320,Obsessing over #MachineLearning algos is like obsessing over compilers; much more's needed. ~@JustinBasilico #MLConf https://t.co/j32j7dNVYC,Mon Nov 16 11:08:04 +0000 2015,1,[],"[{'text': 'MachineLearning', 'indices': [15, 31]}, {'text': 'MLConf', 'indices': [109, 116]}]",1,,
72434320,Interesting read @TheAtlantic re:@NYCTSubway quoting long-time friend @basistechnology Bernie G. (HT @LaurieCrist) https://t.co/XJ4xrPMnPM.,Fri Nov 13 16:29:41 +0000 2015,1,"[{'expanded_url': 'http://www.theatlantic.com/technology/archive/2015/11/why-dont-we-know-where-all-the-trains-are/415152/', 'url': 'https://t.co/XJ4xrPMnPM', 'indices': [115, 138], 'display_url': 'theatlantic.com/technology/arc‚Ä¶'}]",[],1,,
72434320,@jcloudm (cc: @commagere) My humanized self is on @facebook. On @twitter I just wait to welcome our robot overlords. Now go eat some üéÇ.,Tue Nov 03 21:51:45 +0000 2015,2,[],[],0,jcloudm,661659911760154624
72434320,@commagere @jcloudm Yeah -- my Twitter self is just #NLProc and misc meta/tech stuff ...,Tue Nov 03 20:06:08 +0000 2015,1,[],"[{'text': 'NLProc', 'indices': [52, 59]}]",0,commagere,661620945199628288
72434320,"@commagere Now @twitter just needs to fix the icon: üëç, not ‚ù§Ô∏è.",Tue Nov 03 17:40:30 +0000 2015,1,[],[],0,commagere,661588463020445696
72434320,Debugging #DeepLearning is tantamount to debugging people. ~@ylecun,Mon Nov 02 20:48:44 +0000 2015,0,[],"[{'text': 'DeepLearning', 'indices': [10, 23]}]",0,,
72434320,#ReinforcementLearning is interesting but the additional signal it adds to #UnsupervisedLearning is vanishingly small as data grows.~@ylecun,Mon Nov 02 20:46:39 +0000 2015,0,[],"[{'text': 'ReinforcementLearning', 'indices': [0, 22]}, {'text': 'UnsupervisedLearning', 'indices': [75, 96]}]",0,,
72434320,.@jeffchawkins has good ideas (intelligence is prediction) but don't pay attention until he has competitive results. ~@ylecun #DeepLearning,Mon Nov 02 20:41:37 +0000 2015,0,[],"[{'text': 'DeepLearning', 'indices': [126, 139]}]",0,,
72434320,"#DeepLearning aspires to replace logic with algebra by replacing entities with ""thought vectors"". ~@ylecun at @mit https://t.co/8S7sNrzHoT",Mon Nov 02 20:24:59 +0000 2015,0,[],"[{'text': 'DeepLearning', 'indices': [0, 13]}]",0,,
72434320,Literally sitting at @ylecun's feet for a SRO #DeepLearning talk @MIT. https://t.co/TW0gKT27CV,Mon Nov 02 19:43:20 +0000 2015,0,[],"[{'text': 'DeepLearning', 'indices': [46, 59]}]",0,,
72434320,"#Solr has lots of bells &amp; whistles that are amazing if they fit your use case, but can be a PITA. ~@_hossman wisedom https://t.co/ntkjDZSupI",Thu Oct 29 00:07:06 +0000 2015,0,[],"[{'text': 'Solr', 'indices': [0, 5]}]",0,,
72434320,Glad to host @ravimynampaty and Katia Muser @basistechnology for tonight's meet-up speaking about #Solr @HarvardHBS. https://t.co/Y3gQtZl9by,Wed Oct 28 22:56:47 +0000 2015,4,[],"[{'text': 'Solr', 'indices': [98, 103]}]",3,,
72434320,"RT @basistechnology: Don't miss our VP of Product Management, Gregor Stewart, speaking at @richdatasummit 10/14 in SanFran http://t.co/GUyg‚Ä¶",Sun Oct 11 21:00:32 +0000 2015,0,[],[],4,,
72434320,#Agile + #ContinuousDeployment =&gt; replace 'Definition of Done' w/data-driven 'Definition of Success' (Inspired by @henrycipolla #MassTLCSDS),Thu Oct 08 20:32:32 +0000 2015,0,[],"[{'text': 'Agile', 'indices': [0, 6]}, {'text': 'ContinuousDeployment', 'indices': [9, 30]}, {'text': 'MassTLCSDS', 'indices': [131, 142]}]",1,,
72434320,"If your org chart is about supporting, not reporting, then it feels flat. ~[@joakimsunden at #MassTLCSDS] http://t.co/25byeVeiBs",Thu Oct 08 18:08:29 +0000 2015,1,[],"[{'text': 'MassTLCSDS', 'indices': [93, 104]}]",2,,
72434320,Coordination overhead is so high that we invented #microservices rather than force teams to work together ~@skamille http://t.co/ruWzxLFMpp,Thu Oct 08 03:18:32 +0000 2015,1,"[{'expanded_url': 'http://whilefalse.blogspot.com/2015/10/notes-on-startup-engineering-management.html', 'url': 'http://t.co/ruWzxLFMpp', 'indices': [117, 139], 'display_url': 'whilefalse.blogspot.com/2015/10/notes-‚Ä¶'}]","[{'text': 'microservices', 'indices': [50, 64]}]",0,,
72434320,Proud to be part of the team @basistechnology helping @CustomsBorder improve name matching to safeguard USA borders! https://t.co/jEaRfojmtI,Tue Oct 06 14:10:17 +0000 2015,0,"[{'expanded_url': 'https://twitter.com/chris_biow/status/651394290971734016', 'url': 'https://t.co/jEaRfojmtI', 'indices': [117, 140], 'display_url': 'twitter.com/chris_biow/sta‚Ä¶'}]",[],0,,
72434320,"As #MachineLearning expertise spreads, folks will build field-specific models rather than apply generic ones. ~[@pmddomingos on @TlkngMchns]",Fri Oct 02 16:31:16 +0000 2015,5,[],"[{'text': 'MachineLearning', 'indices': [3, 19]}]",2,,
72434320,Glad to share 7 Steps to Real-World #NLProc Happiness @basistechnology's student open house: http://t.co/YukpU2NNCt http://t.co/5TAfIs2xmu,Thu Oct 01 00:11:30 +0000 2015,4,"[{'expanded_url': 'http://www.slideshare.net/dmurga/nlp-in-the-real-world', 'url': 'http://t.co/YukpU2NNCt', 'indices': [93, 115], 'display_url': 'slideshare.net/dmurga/nlp-in-‚Ä¶'}]","[{'text': 'NLProc', 'indices': [36, 43]}]",4,,
72434320,Thanks to @ericrrichard (@hubspot) &amp; Rohit Goyal (@Demandware) for a helpful #DevOps discussion at last night's @MassTLC CTO/VPE peer group!,Thu Sep 24 12:59:54 +0000 2015,2,[],"[{'text': 'DevOps', 'indices': [81, 88]}]",0,,
72434320,"Cool #DeepLearning fact: an autoencoder with linear transformations (and L2 loss) is equivalent to good old PCA. Thanks, @TlkngMchns!",Mon Sep 14 12:54:49 +0000 2015,0,[],"[{'text': 'DeepLearning', 'indices': [5, 18]}]",0,,
72434320,Beautiful day for the @basistechnology team outing to Thompson Island! http://t.co/NnMcqRw2m8,Wed Aug 19 14:42:44 +0000 2015,2,[],[],4,,
72434320,"FYI, basically synonymous:
#NLProc - Boston/SF (&amp; Academia)
#TextAnalytics - NYC (&amp; Biz)
#HumanLangTech - DC
#CompLinguistics - Conferences",Thu Jul 23 19:35:13 +0000 2015,0,[],"[{'text': 'NLProc', 'indices': [27, 34]}, {'text': 'TextAnalytics', 'indices': [64, 78]}, {'text': 'HumanLangTech', 'indices': [97, 111]}, {'text': 'CompLinguistics', 'indices': [117, 133]}]",0,,
72434320,"At @SentimentSymp? Look for @olakrez and @cgmack to learn about @basistechnology's  entity-oriented, multi-lingual text analytic goodness.",Tue Jul 14 20:21:01 +0000 2015,0,[],[],3,,
72434320,"Reminded that cleaning data is killing data; expose simplifying assumptions in your model, don't hide 'em in one-off data prep. #DataScience",Fri Jul 10 11:57:30 +0000 2015,1,[],"[{'text': 'DataScience', 'indices': [128, 140]}]",1,,
72434320,Nice view of language prevalence + geography by @aLucasLopez. How many of the top 23 does your #NLProc system handle? http://t.co/FVX1m4oAh5,Mon Jun 15 14:25:36 +0000 2015,0,[],"[{'text': 'NLProc', 'indices': [95, 102]}]",0,,
72434320,"#ElasticSearch devs, still #NameMatching w/'fuzzy'+'phonetic' hacks? Catch @basistechnology's meetup tour to simplify http://t.co/Lcfnqsn9wS",Sun Jun 14 12:07:22 +0000 2015,0,"[{'expanded_url': 'http://www.basistech.com/elasticsearch-and-fuzzy-name-matching-meetup-world-tour/', 'url': 'http://t.co/Lcfnqsn9wS', 'indices': [118, 140], 'display_url': 'basistech.com/elasticsearch-‚Ä¶'}]","[{'text': 'ElasticSearch', 'indices': [0, 14]}, {'text': 'NameMatching', 'indices': [27, 40]}]",1,,
72434320,Reminder why @CustomsBorder has our name matcher: the one on my boarding pass is missing a space &amp; 2 letters! #NLProc http://t.co/Dr0scM6XGT,Thu Jun 11 07:53:21 +0000 2015,1,[],"[{'text': 'NLProc', 'indices': [114, 121]}]",2,,
72434320,"#AI's moral challenge is not stopping machines from killing us, it's coping with them displacing us. (cf., @AndrewYNg #reworkDL @TlkngMchns)",Sat Jun 06 14:53:03 +0000 2015,2,[],"[{'text': 'AI', 'indices': [0, 3]}, {'text': 'reworkDL', 'indices': [118, 127]}]",3,,
72434320,"""I love video...everyone in vision is scared of it! Research on video gets more money but on images gets nicer results.""@drfeifei #naacl2015",Wed Jun 03 16:15:54 +0000 2015,0,[],"[{'text': 'naacl2015', 'indices': [130, 140]}]",0,,
72434320,Refreshing that both invited talks at #naacl2015 are by women (whose work is of course keynote-worthy!): Lillian Lee and @drfeifei.,Wed Jun 03 15:13:30 +0000 2015,1,[],"[{'text': 'naacl2015', 'indices': [38, 48]}]",0,,
72434320,Fun example from @mdredze of phonetic similarity helping #EntityLinking for Spoken Lang: ‚Äúgeorgia the books‚Äù -&gt; George W. Bush #naacl2015,Mon Jun 01 21:33:42 +0000 2015,0,[],"[{'text': 'EntityLinking', 'indices': [57, 71]}, {'text': 'naacl2015', 'indices': [130, 140]}]",0,,
72434320,At #NAACL2015 w/@basistechnology crew! Wanna see a demo or talk re: our NLP R&amp;D lead opening https://t.co/YgEIw6DVo5? http://t.co/ifbwpylSjW,Mon Jun 01 13:54:51 +0000 2015,3,"[{'expanded_url': 'https://theapplicantmanager.com/jobs?pos=BT151', 'url': 'https://t.co/YgEIw6DVo5', 'indices': [97, 120], 'display_url': 'theapplicantmanager.com/jobs?pos=BT151'}]","[{'text': 'NAACL2015', 'indices': [3, 13]}]",4,,
72434320,"A picture is worth a thousand words, but #DeepLearning has focused on deriving just a few from them (eg., 2D object recog). - @xjx #reworkdl",Wed May 27 18:02:26 +0000 2015,4,[],"[{'text': 'DeepLearning', 'indices': [41, 54]}, {'text': 'reworkdl', 'indices': [131, 140]}]",2,,
72434320,"It feels like to make #DeepLearning work you have to hire Geoff Hinton's grad student (to tune hyperparams, etc.) - @ryan_p_adams #reworkDL",Wed May 27 15:42:10 +0000 2015,3,[],"[{'text': 'DeepLearning', 'indices': [22, 35]}, {'text': 'reworkDL', 'indices': [130, 139]}]",0,,
72434320,"If #MachineLearning is the credit card of tech debt, is Continuous Training (Meng Wang @Orbeus_inc) its leveraged autotrading? #reworkDL",Wed May 27 14:20:36 +0000 2015,5,[],"[{'text': 'MachineLearning', 'indices': [3, 19]}, {'text': 'reworkDL', 'indices': [127, 136]}]",1,,
72434320,.@prmurphy cites my old Cantab prof Tony Robinson (@Speechmatics) w/the big 3 in #NeuralNet + ASR history #reworkDL. http://t.co/aH6rF0frPh,Wed May 27 13:42:07 +0000 2015,3,[],"[{'text': 'NeuralNet', 'indices': [81, 91]}, {'text': 'reworkDL', 'indices': [106, 115]}]",0,,
72434320,.@kobrien82: #cyber wake-up call was #APT1. Agreed! See http://t.co/OtIhLexcFd for #NLProc helping ID 61398 #reworkDL http://t.co/aDfBwVKJqA,Wed May 27 13:27:13 +0000 2015,4,"[{'expanded_url': 'http://www.basistech.com/solutions/government/smarter-government-with-text-analytics/', 'url': 'http://t.co/OtIhLexcFd', 'indices': [56, 78], 'display_url': 'basistech.com/solutions/gove‚Ä¶'}]","[{'text': 'cyber', 'indices': [13, 19]}, {'text': 'APT1', 'indices': [37, 42]}, {'text': 'NLProc', 'indices': [83, 90]}, {'text': 'reworkDL', 'indices': [108, 117]}]",4,,
72434320,"@YahooLabs, fyi: #reworkDL was in Boston today, not NYC. :-)",Tue May 26 21:56:29 +0000 2015,2,[],"[{'text': 'reworkDL', 'indices': [17, 26]}]",1,YahooResearch,603310274376896512
72434320,".@jasonbaldridge on folks' subjective, self-selecting, howler-heavy, anthropomorphizing reports on AI like #HowOldNet http://t.co/XFPvWhO0jX",Thu May 07 01:52:44 +0000 2015,1,"[{'expanded_url': 'http://bit.ly/1QnYm4B', 'url': 'http://t.co/XFPvWhO0jX', 'indices': [118, 140], 'display_url': 'bit.ly/1QnYm4B'}]","[{'text': 'HowOldNet', 'indices': [107, 117]}]",1,,
72434320,@c_scott_wall check out http://t.co/Z4dWUfGlsE,Wed Apr 29 21:27:48 +0000 2015,1,"[{'expanded_url': 'http://blogs.ancestry.com/techroots/learning-alternative-name-spellings-technical-report/', 'url': 'http://t.co/Z4dWUfGlsE', 'indices': [24, 46], 'display_url': 'blogs.ancestry.com/techroots/lear‚Ä¶'}]",[],0,c_scott_wall,593234632595939328
72434320,My #NameMatching Sys Combo prez @BasisTechnology #HLTCon: new (blue) fills holes of old (gray) http://t.co/WrV73w6iDc http://t.co/ltIr0OcCR0,Tue Apr 28 18:00:50 +0000 2015,0,"[{'expanded_url': 'http://www.slideshare.net/dmurga/system-combination-for-hlt', 'url': 'http://t.co/WrV73w6iDc', 'indices': [95, 117], 'display_url': 'slideshare.net/dmurga/system-‚Ä¶'}]","[{'text': 'NameMatching', 'indices': [3, 16]}, {'text': 'HLTCon', 'indices': [49, 56]}]",2,,
72434320,Trends I (re)visited in opening #HLTCon (@basistechnology). It's an exciting time for #NLProc! http://t.co/NMJAuSQPoC http://t.co/2C9R5X3v2w,Tue Apr 28 13:49:40 +0000 2015,1,"[{'expanded_url': 'http://www.slideshare.net/dmurga/hltcon-overview', 'url': 'http://t.co/NMJAuSQPoC', 'indices': [95, 117], 'display_url': 'slideshare.net/dmurga/hltcon-‚Ä¶'}]","[{'text': 'HLTCon', 'indices': [32, 39]}, {'text': 'NLProc', 'indices': [86, 93]}]",3,,
72434320,"Common tasks brought #NLProc here, don't lose 'em @mark_liberman #TextByTheBay (cf, #acl14nlp Pres on robust results) http://t.co/epjFDSQZTZ",Fri Apr 24 16:44:07 +0000 2015,1,[],"[{'text': 'NLProc', 'indices': [21, 28]}, {'text': 'TextByTheBay', 'indices': [65, 78]}, {'text': 'acl14nlp', 'indices': [84, 93]}]",0,,
72434320,RT @basistechnology: #SF #Solr #Meetup tonight @Lucidworks! @dmurga is speaking about using Solr for name matching. http://t.co/ea0amxJNe2,Thu Apr 23 02:29:14 +0000 2015,0,[],"[{'text': 'SF', 'indices': [21, 24]}, {'text': 'Solr', 'indices': [25, 30]}, {'text': 'Meetup', 'indices': [31, 38]}]",3,,
72434320,Sneak peek of my #HLTCon kick-off prez (4/28). Proud to be at the 'Basis' (@basistechnology) of many #USGov missions! http://t.co/UbTnoff5d7,Mon Apr 20 16:47:09 +0000 2015,0,[],"[{'text': 'HLTCon', 'indices': [17, 24]}, {'text': 'USGov', 'indices': [101, 107]}]",3,,
72434320,At #RSAC &amp; interested in #NLProc for #Cyber? Glad to chat @basistechnology‚Äôs booth. Check out http://t.co/OtIhLexcFd. http://t.co/GCfL753YYD,Sun Apr 19 12:26:46 +0000 2015,0,"[{'expanded_url': 'http://www.basistech.com/solutions/government/smarter-government-with-text-analytics/', 'url': 'http://t.co/OtIhLexcFd', 'indices': [98, 120], 'display_url': 'basistech.com/solutions/gove‚Ä¶'}]","[{'text': 'RSAC', 'indices': [3, 8]}, {'text': 'NLProc', 'indices': [29, 36]}, {'text': 'Cyber', 'indices': [41, 47]}]",0,,
72434320,In the #SharingEconomy? Learn at #TextByTheBay on 4/24 how it needs Trust which needs #NLProc: http://t.co/6i7FOnUpvk http://t.co/vNzPpoyXD3,Tue Apr 14 20:43:38 +0000 2015,0,"[{'expanded_url': 'http://www.basistech.com/fuzzy-name-search-and-name-matching-presentations-in-san-francisco/', 'url': 'http://t.co/6i7FOnUpvk', 'indices': [95, 117], 'display_url': 'basistech.com/fuzzy-name-sea‚Ä¶'}]","[{'text': 'SharingEconomy', 'indices': [7, 22]}, {'text': 'TextByTheBay', 'indices': [33, 46]}, {'text': 'NLProc', 'indices': [86, 93]}]",1,,
72434320,See you there! MT @basistechnology Join us at Text by the Bay in #SF on 4/24-25 | Use Our Discount Code: TEXTBASIS  http://t.co/iPx47e6Qrm,Fri Apr 10 17:48:47 +0000 2015,0,"[{'expanded_url': 'http://hubs.ly/y0HnWY0', 'url': 'http://t.co/iPx47e6Qrm', 'indices': [116, 138], 'display_url': 'hubs.ly/y0HnWY0'}]","[{'text': 'SF', 'indices': [65, 68]}]",0,basistechnology,586545743223205888
72434320,3 wks to @basistechnology's #HLTCon! Glad to be intro-ing the day and talking optimal #NameMatching w/@CustomsBorder. http://t.co/RFD1xUTeBc,Tue Apr 07 23:29:30 +0000 2015,0,"[{'expanded_url': 'http://www.basistech.com/events/hltcon/', 'url': 'http://t.co/RFD1xUTeBc', 'indices': [118, 140], 'display_url': 'basistech.com/events/hltcon/'}]","[{'text': 'HLTCon', 'indices': [28, 35]}, {'text': 'NameMatching', 'indices': [86, 99]}]",0,,
72434320,A favorite slide from our prez at last night's #DevOps / #NoOps / #PaaS meet-up @basistechnology with #MassTLC ... http://t.co/VW6Uud7toQ,Fri Apr 03 12:55:25 +0000 2015,1,[],"[{'text': 'DevOps', 'indices': [47, 54]}, {'text': 'NoOps', 'indices': [57, 63]}, {'text': 'PaaS', 'indices': [66, 71]}, {'text': 'MassTLC', 'indices': [102, 110]}]",1,,
72434320,@natematias slides at http://t.co/HGssmFjzGz. Glad to address any questions... (cc: @basistechnology).,Fri Apr 03 03:18:07 +0000 2015,1,"[{'expanded_url': 'http://www.slideshare.net/basistech/simple-fuzzynamematchinginsolr-googleslides', 'url': 'http://t.co/HGssmFjzGz', 'indices': [22, 44], 'display_url': 'slideshare.net/basistech/simp‚Ä¶'}]",[],0,natematias,583762400828116992
72434320,Glad to be talking #DevOps / #NoOps @basistechnology with @conoagil and #MassTLC! http://t.co/lMn8UszB7A,Thu Apr 02 22:43:49 +0000 2015,3,[],"[{'text': 'DevOps', 'indices': [19, 26]}, {'text': 'NoOps', 'indices': [29, 35]}, {'text': 'MassTLC', 'indices': [72, 80]}]",1,,
72434320,.@facebook's Feed algo needs more weight on #LangID -- too many posts I can't read liked by 1 bilingual friend. Need http://t.co/il4snYCVMZ?,Mon Mar 30 23:27:17 +0000 2015,0,"[{'expanded_url': 'http://hubs.ly/y0mNkM0', 'url': 'http://t.co/il4snYCVMZ', 'indices': [117, 139], 'display_url': 'hubs.ly/y0mNkM0'}]","[{'text': 'LangID', 'indices': [44, 51]}]",0,,
72434320,"#MassTLC-ers, join @conoagil, me, and more next Thurs. to talk 'Transitioning from Silos to DevOps' @basistechnology http://t.co/VJepvKNXI6.",Fri Mar 27 01:22:23 +0000 2015,0,"[{'expanded_url': 'http://www.masstlc.org/events/event_details.asp?id=616343', 'url': 'http://t.co/VJepvKNXI6', 'indices': [117, 139], 'display_url': 'masstlc.org/events/event_d‚Ä¶'}]","[{'text': 'MassTLC', 'indices': [0, 8]}]",1,,
72434320,"Another cool use of #NLProc for #Cyber: DNS similarity - http://t.co/qTjxV6XIM6 via @OpenDNSLabs.
See other uses at http://t.co/OtIhLexcFd.",Fri Mar 06 16:03:48 +0000 2015,2,"[{'expanded_url': 'http://bit.ly/1B90Exu', 'url': 'http://t.co/qTjxV6XIM6', 'indices': [57, 79], 'display_url': 'bit.ly/1B90Exu'}, {'expanded_url': 'http://www.basistech.com/solutions/government/smarter-government-with-text-analytics/', 'url': 'http://t.co/OtIhLexcFd', 'indices': [116, 138], 'display_url': 'basistech.com/solutions/gove‚Ä¶'}]","[{'text': 'NLProc', 'indices': [20, 27]}, {'text': 'Cyber', 'indices': [32, 38]}]",1,,
72434320,RT @basistechnology: It's great to be hosting the #BostonSolr #Meetup! Catch the same talk in #SF in April! http://t.co/kqEgsz60hS http://t‚Ä¶,Fri Mar 06 00:28:52 +0000 2015,0,"[{'expanded_url': 'http://www.meetup.com/Downtown-SF-Apache-Lucene-Solr-Meetup/events/220759575/', 'url': 'http://t.co/kqEgsz60hS', 'indices': [108, 130], 'display_url': 'meetup.com/Downtown-SF-Ap‚Ä¶'}]","[{'text': 'BostonSolr', 'indices': [50, 61]}, {'text': 'Meetup', 'indices': [62, 69]}, {'text': 'SF', 'indices': [94, 97]}]",5,,
72434320,Eager to talk Simple Fuzzy #NameMatching in #Solr w/@Lucidworks! Thurs in BOS -http://t.co/JQTbjvxBj9 &amp; 4/22 in SFO - http://t.co/pgeEqmRcrg,Mon Mar 02 18:53:20 +0000 2015,0,"[{'expanded_url': 'http://www.meetup.com/Boston-Apache-Lucene-Solr-Meetup/events/220144228/', 'url': 'http://t.co/JQTbjvxBj9', 'indices': [79, 101], 'display_url': 'meetup.com/Boston-Apache-‚Ä¶'}, {'expanded_url': 'http://www.meetup.com/Downtown-SF-Apache-Lucene-Solr-Meetup/events/220759575/', 'url': 'http://t.co/pgeEqmRcrg', 'indices': [122, 144], 'display_url': 'meetup.com/Downtown-SF-Ap‚Ä¶'}]","[{'text': 'NameMatching', 'indices': [27, 40]}, {'text': 'Solr', 'indices': [44, 49]}]",1,,
72434320,@SethGrimes sentiment re:companies in links from http://t.co/4D7LONYdh4 v time. Pic has some re:@LinkedIn in last yr. http://t.co/EIveuc3FAv,Sat Feb 28 15:05:37 +0000 2015,0,"[{'expanded_url': 'http://altaplana.com/writing.html', 'url': 'http://t.co/4D7LONYdh4', 'indices': [49, 71], 'display_url': 'altaplana.com/writing.html'}]",[],0,SethGrimes,571675879157448704
72434320,Enjoying @basistechnology's hackathon: we're plugging @RosetteAPI into @knime to analyze @SethGrimes's analysis. :-) http://t.co/HI5gIfqHWE,Thu Feb 26 17:44:39 +0000 2015,3,[],[],5,,
72434320,"#EntityResolution #Fail: @crunchbase, wrong Steve pic. @skearns64 is @basistechnology's alum. https://t.co/xDoZxLUa7H http://t.co/NWPv5FwaYN",Fri Feb 06 01:51:56 +0000 2015,1,"[{'expanded_url': 'https://www.crunchbase.com/organization/basis-technology', 'url': 'https://t.co/xDoZxLUa7H', 'indices': [94, 117], 'display_url': 'crunchbase.com/organization/b‚Ä¶'}]","[{'text': 'EntityResolution', 'indices': [0, 17]}, {'text': 'Fail', 'indices': [18, 23]}]",0,,
72434320,"#EntityResolution #Fail from @facebook: clicked 'Wish her a happy birthday', typed it, and got an odd user to tag! http://t.co/Pt7HezIIW4",Mon Feb 02 17:00:10 +0000 2015,0,[],"[{'text': 'EntityResolution', 'indices': [0, 17]}, {'text': 'Fail', 'indices': [18, 23]}]",0,,
72434320,"Boston-area #Solr users, join us @basistechnology for a meet-up on Mar 4 to hear how we made #NameMatching simple! http://t.co/9ocebt6kvq",Thu Jan 29 15:23:38 +0000 2015,2,"[{'expanded_url': 'http://www.meetup.com/Boston-Apache-Lucene-Solr-Meetup/events/220144228/', 'url': 'http://t.co/9ocebt6kvq', 'indices': [115, 137], 'display_url': 'meetup.com/Boston-Apache-‚Ä¶'}]","[{'text': 'Solr', 'indices': [12, 17]}, {'text': 'NameMatching', 'indices': [93, 106]}]",3,,
72434320,"Ugh, does @amazon order search use stems (v. lemmas)? Tablets are not a match for 'table'. #MorphologyMatters #NLProc http://t.co/t7mmt58eGh",Thu Jan 01 15:38:09 +0000 2015,1,[],"[{'text': 'MorphologyMatters', 'indices': [91, 109]}, {'text': 'NLProc', 'indices': [110, 117]}]",0,,
72434320,Proud that @basistechnology's name matcher is helping @CustomsBorder prevent another Boston Marathon Bombing. http://t.co/ZLudGasX02 #NLProc,Tue Dec 23 13:35:22 +0000 2014,1,"[{'expanded_url': 'http://hubs.ly/y0ny580', 'url': 'http://t.co/ZLudGasX02', 'indices': [110, 132], 'display_url': 'hubs.ly/y0ny580'}]","[{'text': 'NLProc', 'indices': [133, 140]}]",1,basistechnology,545612088832688128
72434320,Enjoying #AKBC2014 papers (#NIPS2014). LMK if U wanna try @basistechnology's #EntityResolution http://t.co/o2hrlO0eYU http://t.co/bAkTZRxM3c,Sat Dec 13 12:45:22 +0000 2014,0,"[{'expanded_url': 'http://hubs.ly/y0mMMj0', 'url': 'http://t.co/o2hrlO0eYU', 'indices': [95, 117], 'display_url': 'hubs.ly/y0mMMj0'}]","[{'text': 'AKBC2014', 'indices': [9, 18]}, {'text': 'NIPS2014', 'indices': [27, 36]}, {'text': 'EntityResolution', 'indices': [77, 94]}]",1,,
72434320,RT @jasonbaldridge: Videos available for talks at EMNLP 2014: http://t.co/4JOP1cFnbL  #nlproc,Wed Dec 10 17:44:44 +0000 2014,0,"[{'expanded_url': 'http://emnlp2014.org/program.html', 'url': 'http://t.co/4JOP1cFnbL', 'indices': [62, 84], 'display_url': 'emnlp2014.org/program.html'}]","[{'text': 'nlproc', 'indices': [86, 93]}]",2,,
72434320,"RT @JochenHummel: #LTA14 Gregor Stewart, @basistechnology: Language technology is invaluable in efficiently establishing and maintaining tr‚Ä¶",Fri Dec 05 18:55:20 +0000 2014,0,[],"[{'text': 'LTA14', 'indices': [18, 24]}]",6,,
72434320,Our leading language identifier kicks it up a notch: MT @basistechnology Accurate Language ID for Queries &amp; Tweets - http://t.co/3P43Umytss,Mon Nov 24 20:34:38 +0000 2014,0,"[{'expanded_url': 'http://hubs.ly/y0kgG80', 'url': 'http://t.co/3P43Umytss', 'indices': [121, 143], 'display_url': 'hubs.ly/y0kgG80'}]",[],0,basistechnology,536969666263273473
72434320,Going to @LTaccelerate? See @olakrez: #IdentityResolution 4 #SharingEconomy. Spurred great convo at #AnalyticsStreet. http://t.co/cUAl61pW6p,Sat Nov 22 14:46:25 +0000 2014,3,[],"[{'text': 'IdentityResolution', 'indices': [38, 57]}, {'text': 'SharingEconomy', 'indices': [60, 75]}, {'text': 'AnalyticsStreet', 'indices': [100, 116]}]",9,,
72434320,Glad to be have contributed! MT @kdnuggets: #AnalyticsStreet Frontiers and Dangers of Analytics Panel Summary http://t.co/JLNumXH6pQ,Tue Nov 18 23:28:42 +0000 2014,1,"[{'expanded_url': 'http://bit.ly/1qngJxK', 'url': 'http://t.co/JLNumXH6pQ', 'indices': [110, 132], 'display_url': 'bit.ly/1qngJxK'}]","[{'text': 'AnalyticsStreet', 'indices': [44, 60]}]",1,kdnuggets,534836195088277504
72434320,At #LuceneSolrRev? Visit @basistechnology to learn about optimizing search relevance w/#NLProc http://t.co/v09OMnkt59 http://t.co/Qqz2psLwWC,Thu Nov 13 09:37:55 +0000 2014,0,"[{'expanded_url': 'http://www.basistech.com/solr', 'url': 'http://t.co/v09OMnkt59', 'indices': [95, 117], 'display_url': 'basistech.com/solr'}]","[{'text': 'LuceneSolrRev', 'indices': [3, 17]}, {'text': 'NLProc', 'indices': [87, 94]}]",1,,
72434320,".@ESA_Rosetta was in flight for the same ~10 yrs I've worked on @basistechnology's shared-namesake Rosette. Ours has come far, but they win.",Wed Nov 12 17:06:36 +0000 2014,1,[],[],0,,
72434320,False positives from the Treasury Dept‚Äôs Sanctions List Search: http://t.co/rXzjlQ8EZT @basistechnology #OFAC #NLProc http://t.co/mCQDo6i9AY,Tue Nov 11 20:18:06 +0000 2014,0,"[{'expanded_url': 'http://hubs.ly/y0hyCc0', 'url': 'http://t.co/rXzjlQ8EZT', 'indices': [64, 86], 'display_url': 'hubs.ly/y0hyCc0'}]","[{'text': 'OFAC', 'indices': [104, 109]}, {'text': 'NLProc', 'indices': [110, 117]}]",1,basistechnology,532248209507508224
72434320,.@basistechology shares more reason to be careful with #machinetrans. (PS @dmurga is also not a demiurge :-) http://t.co/rf5h3td2Z8 #nlproc,Mon Nov 10 14:32:34 +0000 2014,1,"[{'expanded_url': 'http://www.basistech.com/god-is-not-divine/', 'url': 'http://t.co/rf5h3td2Z8', 'indices': [109, 131], 'display_url': 'basistech.com/god-is-not-div‚Ä¶'}]","[{'text': 'machinetrans', 'indices': [55, 68]}, {'text': 'nlproc', 'indices': [132, 139]}]",0,,
72434320,"RT @basistechnology: Going to #LuceneSolrRev? Be sure to catch ""Optimizing Multilingual Search"" by David Troiano! #TextAnalytics http://t.c‚Ä¶",Sun Nov 09 16:41:56 +0000 2014,0,[],"[{'text': 'LuceneSolrRev', 'indices': [30, 44]}, {'text': 'TextAnalytics', 'indices': [114, 128]}]",2,,
72434320,"Thanks, @kdnuggets for a great #AnalyticsStreet Frontiers panel w/ @scubafuchs, @aggarwalnidhi, Andrew of @nutonian &amp; Shashank of @DataXu!",Thu Nov 06 18:09:05 +0000 2014,0,[],"[{'text': 'AnalyticsStreet', 'indices': [31, 47]}]",2,,
72434320,Looking forward to joining @kdnuggets @scubafuchs and Andrew of @nutonian  on the Frontier of #Analytics panel at #AnalyticsStreet Thursday!,Tue Nov 04 11:07:52 +0000 2014,3,[],"[{'text': 'Analytics', 'indices': [94, 104]}, {'text': 'AnalyticsStreet', 'indices': [114, 130]}]",3,,
72434320,In Boston? Join me Thurs at #AnalyticsStreet to hear how #SharingEconomy -&gt; Trust -&gt; Verification -&gt; #TextAnalytics (http://t.co/8M9GdNzKYF),Fri Oct 31 20:30:45 +0000 2014,0,"[{'expanded_url': 'http://www.basistech.com/analytics-street/', 'url': 'http://t.co/8M9GdNzKYF', 'indices': [126, 148], 'display_url': 'basistech.com/analytics-stre‚Ä¶'}]","[{'text': 'AnalyticsStreet', 'indices': [28, 44]}, {'text': 'SharingEconomy', 'indices': [57, 72]}, {'text': 'TextAnalytics', 'indices': [110, 124]}]",0,,
72434320,"Fellow coders, want a #Java #RegEx engine better than the one built into Java itself? We've just #OpenSource-ed one: http://t.co/IfBYFVVehB",Fri Oct 31 00:53:49 +0000 2014,1,"[{'expanded_url': 'http://www.basistech.com/a-better-pure-java-regex-engine/', 'url': 'http://t.co/IfBYFVVehB', 'indices': [117, 139], 'display_url': 'basistech.com/a-better-pure-‚Ä¶'}]","[{'text': 'Java', 'indices': [22, 27]}, {'text': 'RegEx', 'indices': [28, 34]}, {'text': 'OpenSource', 'indices': [97, 108]}]",0,,
72434320,At #AMTA2014? Catch @basistechnology's prez at 2:30p on the future of entity translation: #EntityResolution http://t.co/EWg8f36JAf #NLProc,Sat Oct 25 10:50:04 +0000 2014,0,"[{'expanded_url': 'http://www.basistech.com/amta-2014/', 'url': 'http://t.co/EWg8f36JAf', 'indices': [108, 130], 'display_url': 'basistech.com/amta-2014/'}]","[{'text': 'AMTA2014', 'indices': [3, 12]}, {'text': 'EntityResolution', 'indices': [90, 107]}, {'text': 'NLProc', 'indices': [131, 138]}]",0,,
72434320,Post-Halloween party movie night with all the kids @basistechnology! http://t.co/TyOGVHDFmt,Fri Oct 24 22:15:16 +0000 2014,0,[],[],0,,
72434320,"Enterprise AI (eg. #NLProc) will be domain specific (and adaptable), not generic 'Watson for Biz': http://t.co/4c0zUZp8zA (HT @seanlorenz)",Mon Oct 20 13:19:57 +0000 2014,0,"[{'expanded_url': 'http://techcrunch.com/2014/10/18/the-future-of-ai-will-be-stacked/', 'url': 'http://t.co/4c0zUZp8zA', 'indices': [99, 121], 'display_url': 'techcrunch.com/2014/10/18/the‚Ä¶'}]","[{'text': 'NLProc', 'indices': [19, 26]}]",0,seanlorenz,524168669966770177
72434320,#NLProc in the #USG will focus on #ThingsNotStrings and #HumanComputation to build #AllSource intelligence systems: http://t.co/xUKtT9cESx,Mon Oct 20 13:02:57 +0000 2014,0,"[{'expanded_url': 'http://www.basistech.com/interview-the-future-of-human-language-technology/', 'url': 'http://t.co/xUKtT9cESx', 'indices': [116, 138], 'display_url': 'basistech.com/interview-the-‚Ä¶'}]","[{'text': 'NLProc', 'indices': [0, 7]}, {'text': 'USG', 'indices': [15, 19]}, {'text': 'ThingsNotStrings', 'indices': [34, 51]}, {'text': 'HumanComputation', 'indices': [56, 73]}, {'text': 'AllSource', 'indices': [83, 93]}]",0,,
72434320,RT @LTaccelerate: .@BasisTechnology is latest #NLProc provider to sign as an http://t.co/NZT8SIw2Iy sponsor. Thanks! http://t.co/RZiG82lfaq,Wed Oct 08 15:54:38 +0000 2014,0,"[{'expanded_url': 'http://LT-Accelerate.com', 'url': 'http://t.co/NZT8SIw2Iy', 'indices': [77, 99], 'display_url': 'LT-Accelerate.com'}]","[{'text': 'NLProc', 'indices': [46, 53]}]",2,,
72434320,Plus avoid #machinetrans for sys integration; it's for human presentation. MT @stanfordnlp BigData needs multilingual http://t.co/lLqNtLPVr6,Sun Oct 05 22:05:39 +0000 2014,0,"[{'expanded_url': 'http://www.foreignpolicy.com/articles/2014/09/26/why_big_data_missed_the_early_warning_signs_of_ebola', 'url': 'http://t.co/lLqNtLPVr6', 'indices': [118, 140], 'display_url': 'foreignpolicy.com/articles/2014/‚Ä¶'}]","[{'text': 'machinetrans', 'indices': [11, 24]}]",0,,
72434320,Going to #AMTA2014? Catch our (@basistechnology) talk on the future of entity translation: #thingsnotstrings http://t.co/EWg8f36JAf #nlproc,Sat Oct 04 14:31:47 +0000 2014,0,"[{'expanded_url': 'http://www.basistech.com/amta-2014/', 'url': 'http://t.co/EWg8f36JAf', 'indices': [109, 131], 'display_url': 'basistech.com/amta-2014/'}]","[{'text': 'AMTA2014', 'indices': [9, 18]}, {'text': 'thingsnotstrings', 'indices': [91, 108]}, {'text': 'nlproc', 'indices': [132, 139]}]",1,,
72434320,RT @haldaume3: new #nlproc blog post: Machine learning is the new algorithms! http://t.co/WBEfBJYq7K,Fri Oct 03 17:30:43 +0000 2014,0,"[{'expanded_url': 'http://nlpers.blogspot.com/2014/10/machine-learning-is-new-algorithms.html', 'url': 'http://t.co/WBEfBJYq7K', 'indices': [78, 100], 'display_url': 'nlpers.blogspot.com/2014/10/machin‚Ä¶'}]","[{'text': 'nlproc', 'indices': [19, 26]}]",22,,
72434320,RT @basistechnology: Keeping pace with the ever-changing name of #ISIS / #ISIL through the lens of #Wikipedia    http://t.co/kig37yJLnN htt‚Ä¶,Tue Sep 30 19:25:12 +0000 2014,0,"[{'expanded_url': 'http://hubs.ly/y09ZB10', 'url': 'http://t.co/kig37yJLnN', 'indices': [113, 135], 'display_url': 'hubs.ly/y09ZB10'}]","[{'text': 'ISIS', 'indices': [65, 70]}, {'text': 'ISIL', 'indices': [73, 78]}, {'text': 'Wikipedia', 'indices': [99, 109]}]",4,,
72434320,"RT @basistechnology: Optimizing Mulitlingual Search Using #Solr, David Troiano at #BostonDataCon #TextAnalytics http://t.co/MdrGdXUSQ1 http‚Ä¶",Mon Sep 29 23:16:00 +0000 2014,0,"[{'expanded_url': 'http://hubs.ly/y09ML20', 'url': 'http://t.co/MdrGdXUSQ1', 'indices': [112, 134], 'display_url': 'hubs.ly/y09ML20'}]","[{'text': 'Solr', 'indices': [58, 63]}, {'text': 'BostonDataCon', 'indices': [82, 96]}, {'text': 'TextAnalytics', 'indices': [97, 111]}]",4,,
72434320,"RT @basistechnology: In a #startup? Try the same #TextAnalytics software used by Airbnb, Microsoft, Oracle, Pinterest, StumbleUpon, Yelp! h‚Ä¶",Wed Sep 24 03:04:09 +0000 2014,0,[],"[{'text': 'startup', 'indices': [26, 34]}, {'text': 'TextAnalytics', 'indices': [49, 63]}]",1,,
72434320,RT @basistechnology: Did you know we have a #Startup Program? Top tier #TextAnalytics for early-stage companies http://t.co/TNQ5ZCvgxo http‚Ä¶,Sat Aug 30 22:36:11 +0000 2014,0,"[{'expanded_url': 'http://hubs.ly/y06nGN0', 'url': 'http://t.co/TNQ5ZCvgxo', 'indices': [112, 134], 'display_url': 'hubs.ly/y06nGN0'}]","[{'text': 'Startup', 'indices': [44, 52]}, {'text': 'TextAnalytics', 'indices': [71, 85]}]",2,,
72434320,Cool feeling: verifying my ID via @airbnb and knowing code I wrote is part of the process. http://t.co/w6vHI4ZiY7 @basistechnology,Mon Aug 11 23:43:30 +0000 2014,1,"[{'expanded_url': 'http://www.basistech.com/case-study-airbnb/', 'url': 'http://t.co/w6vHI4ZiY7', 'indices': [91, 113], 'display_url': 'basistech.com/case-study-air‚Ä¶'}]",[],1,,
72434320,"RT @basistechnology: ""RSE will enable enterprises of all sizes to incorporate advanced text analytics"" - Yonik Seeley, creator of #Solr htt‚Ä¶",Wed Aug 06 15:23:01 +0000 2014,0,[],"[{'text': 'Solr', 'indices': [130, 135]}]",1,,
72434320,"@jacla FWIW, the OK to Wake light up clock worked for us. http://t.co/ZhBbbqys0D",Wed Aug 06 11:28:00 +0000 2014,0,"[{'expanded_url': 'http://www.amazon.com/gp/aw/d/B00EAHSBV4?pc_redir=1407222668&robot_redir=1', 'url': 'http://t.co/ZhBbbqys0D', 'indices': [58, 80], 'display_url': 'amazon.com/gp/aw/d/B00EAH‚Ä¶'}]",[],0,jacla,496956355534925824
72434320,Feedback appreciated! @basistechnology: Smarter Government with #TextAnalytics - Video Now Available! #nlproc #cyber http://t.co/0rnGVYuEsh,Tue Jul 29 22:52:06 +0000 2014,0,"[{'expanded_url': 'http://hubs.ly/y02DzZ0', 'url': 'http://t.co/0rnGVYuEsh', 'indices': [117, 139], 'display_url': 'hubs.ly/y02DzZ0'}]","[{'text': 'TextAnalytics', 'indices': [64, 78]}, {'text': 'nlproc', 'indices': [102, 109]}, {'text': 'cyber', 'indices': [110, 116]}]",0,basistechnology,494181548493910016
72434320,"Join our webinar to explore how cross-lingual #nlproc can enhance #cyberint threat prevention (e.g., #APT1 #hacking) http://t.co/ZWXsaZ0dqC.",Sat Jul 19 17:11:18 +0000 2014,0,"[{'expanded_url': 'http://hubs.ly/y01zsK0', 'url': 'http://t.co/ZWXsaZ0dqC', 'indices': [117, 139], 'display_url': 'hubs.ly/y01zsK0'}]","[{'text': 'nlproc', 'indices': [46, 53]}, {'text': 'cyberint', 'indices': [66, 75]}, {'text': 'APT1', 'indices': [101, 106]}, {'text': 'hacking', 'indices': [107, 115]}]",0,,
72434320,RT @seanlorenz: Only in #Boston can you have over 200 people show up for a text analytics event. Great job @basistechnology!,Fri Jul 18 00:18:33 +0000 2014,0,[],"[{'text': 'Boston', 'indices': [24, 31]}]",1,,
72434320,"#sigir2014 attendees, want building blocks of multi-lingual, knowledge-graph-sensitive IR? See @basistechnology's http://t.co/sk6SS8dY3h",Thu Jul 10 10:06:26 +0000 2014,0,"[{'expanded_url': 'http://www.basistech.com/text-analytics/rosette/', 'url': 'http://t.co/sk6SS8dY3h', 'indices': [114, 136], 'display_url': 'basistech.com/text-analytics‚Ä¶'}]","[{'text': 'sigir2014', 'indices': [0, 10]}]",1,,
72434320,"RT @seanlorenz: Excited for this #Boston #NLP event put on by @basistechnology ""Unlocking Value with Text Analytics"" http://t.co/OlSui1BZpm",Wed Jul 02 21:28:28 +0000 2014,0,"[{'expanded_url': 'http://www.basistech.com/unlocking-value-with-text-analytics/', 'url': 'http://t.co/OlSui1BZpm', 'indices': [117, 139], 'display_url': 'basistech.com/unlocking-valu‚Ä¶'}]","[{'text': 'Boston', 'indices': [33, 40]}, {'text': 'NLP', 'indices': [41, 45]}]",2,,
72434320,"More world-class, easy #analytics for #opensource: @basistechnology Rosette Search Essentials for #Solr in 40 langs http://t.co/iOnOkcK9tp",Sat Jun 28 02:08:59 +0000 2014,0,"[{'expanded_url': 'http://hub.am/1lvXI7L', 'url': 'http://t.co/iOnOkcK9tp', 'indices': [116, 138], 'display_url': 'hub.am/1lvXI7L'}]","[{'text': 'analytics', 'indices': [23, 33]}, {'text': 'opensource', 'indices': [38, 49]}, {'text': 'Solr', 'indices': [98, 103]}]",0,basistechnology,482540120902742016
72434320,"At #acl14nlp w/4 @basistechnology-ers. Wanna talk multiling #NLPproc, eg. entity resolution (http://t.co/KizLNfe7aU)? http://t.co/papA2dw6tu",Sun Jun 22 23:37:19 +0000 2014,1,"[{'expanded_url': 'http://www.basistech.com/text-analytics/rosette/entity-resolver/', 'url': 'http://t.co/KizLNfe7aU', 'indices': [93, 115], 'display_url': 'basistech.com/text-analytics‚Ä¶'}]","[{'text': 'acl14nlp', 'indices': [3, 12]}, {'text': 'NLPproc', 'indices': [60, 68]}]",0,,
72434320,Domino's Pizza's order by voice - all those old VoiceXML pizza-ordering tutorials finally come true: http://t.co/Vy2nVl4Fmw,Mon Jun 16 11:21:27 +0000 2014,0,"[{'expanded_url': 'http://lnkd.in/dshiNQm', 'url': 'http://t.co/Vy2nVl4Fmw', 'indices': [101, 123], 'display_url': 'lnkd.in/dshiNQm'}]",[],0,,
72434320,"Going to @berlinbuzzwords? Talk w/ @basistechnology's Dir of Prod Mgmt @olakrez re: high-scale, multilingual #textanalytics &amp; search. #bbuzz",Sat May 24 14:07:22 +0000 2014,0,[],"[{'text': 'textanalytics', 'indices': [109, 123]}, {'text': 'bbuzz', 'indices': [138, 144]}]",1,,
72434320,RT @docurated: Expert contribution from David Murgatroyd and @basistechnology on our enterprise search blog today. http://t.co/5IOcqgOuCW,Wed May 14 18:31:52 +0000 2014,0,"[{'expanded_url': 'http://www.docurated.com/enterprise-search/enterprise-search-14-industry-experts-predict-future-search/', 'url': 'http://t.co/5IOcqgOuCW', 'indices': [115, 137], 'display_url': 'docurated.com/enterprise-sea‚Ä¶'}]",[],2,,
72434320,"@nsaphra @jasonbaldridge Don't worry, English morphological analyzers can handle the lemmas/lemmata diversity... http://t.co/ZmF5M3sWUF",Tue Apr 29 02:46:41 +0000 2014,2,[],[],0,nsaphra,460873939850657793
72434320,RT @basistechnology: #GEOINT2013* does your map search know Ëç∑Âè∞ÈÅî is Yemen's 3rd city? (see the vs. at booth #6045) http://t.co/IkWC8IEaiD,Wed Apr 16 16:05:58 +0000 2014,0,[],"[{'text': 'GEOINT2013', 'indices': [21, 32]}]",3,,
72434320,#GEOINT2013* is next week! Let's talk @basistechnology's booth on #humancomputation #thingnotstrings #nlp and the new http://t.co/KizLNfe7aU,Wed Apr 09 15:29:08 +0000 2014,1,"[{'expanded_url': 'http://www.basistech.com/text-analytics/rosette/entity-resolver/', 'url': 'http://t.co/KizLNfe7aU', 'indices': [118, 140], 'display_url': 'basistech.com/text-analytics‚Ä¶'}]","[{'text': 'GEOINT2013', 'indices': [0, 11]}, {'text': 'humancomputation', 'indices': [66, 83]}, {'text': 'thingnotstrings', 'indices': [84, 100]}, {'text': 'nlp', 'indices': [101, 105]}]",1,,
72434320,"Glad it's published -- thanks to the editors! ""Teaching Machines How to Spell ..."" in @DefenseOne http://t.co/7pXgCyLf2p #humancomputation",Mon Apr 07 17:34:14 +0000 2014,0,"[{'expanded_url': 'http://bit.ly/1g16Jzb', 'url': 'http://t.co/7pXgCyLf2p', 'indices': [98, 120], 'display_url': 'bit.ly/1g16Jzb'}]","[{'text': 'humancomputation', 'indices': [121, 138]}]",0,DefenseOne,453222940059119616
72434320,"Glad to have given input to SIGNAL's ""Weaknesses of Unclassified Intelligence"" http://t.co/jhz66L6puE http://t.co/MSwXKwBkGj",Wed Apr 02 14:34:08 +0000 2014,0,"[{'expanded_url': 'http://lnkd.in/dhbGPJW', 'url': 'http://t.co/jhz66L6puE', 'indices': [79, 101], 'display_url': 'lnkd.in/dhbGPJW'}, {'expanded_url': 'http://lnkd.in/d3SRfYe', 'url': 'http://t.co/MSwXKwBkGj', 'indices': [102, 124], 'display_url': 'lnkd.in/d3SRfYe'}]",[],0,,
72434320,@dimle @stuartrobinson @jasonbaldridge +1 an embarrassing miss. +1 edit distance isn't enough http://t.co/J3daHwMFtu http://t.co/u7bMAuvhzc,Sat Mar 29 17:24:07 +0000 2014,2,"[{'expanded_url': 'http://www.basistech.com/text-analytics/rosette/name-indexer', 'url': 'http://t.co/J3daHwMFtu', 'indices': [94, 116], 'display_url': 'basistech.com/text-analytics‚Ä¶'}]",[],2,dimle,449947395628224512
72434320,RT @basistechnology: OFAC list just got updated - how good is your Russian name matching? http://t.co/vIKjBNOVHP http://t.co/8w8m15elCX htt‚Ä¶,Mon Mar 24 22:25:28 +0000 2014,0,"[{'expanded_url': 'http://hub.am/1jnmIyD', 'url': 'http://t.co/vIKjBNOVHP', 'indices': [90, 112], 'display_url': 'hub.am/1jnmIyD'}, {'expanded_url': 'http://hub.am/1jnmIyG', 'url': 'http://t.co/8w8m15elCX', 'indices': [113, 135], 'display_url': 'hub.am/1jnmIyG'}]",[],1,,
72434320,Check out @basistechnology's new website (http://t.co/QkLMVc1Z1d)! Eating our own dogfood: site search = Rosette + #solr + #wordpress.,Mon Mar 10 14:56:04 +0000 2014,0,"[{'expanded_url': 'http://basistech.com', 'url': 'http://t.co/QkLMVc1Z1d', 'indices': [42, 64], 'display_url': 'basistech.com'}]","[{'text': 'solr', 'indices': [115, 120]}, {'text': 'wordpress', 'indices': [123, 133]}]",0,,
72434320,Proud of another way we're bringing text analytic goodness to anybody's data. Make your Elasticsearch install multil‚Ä¶http://t.co/bSCLxwksJ2,Fri Mar 07 12:08:43 +0000 2014,0,"[{'expanded_url': 'http://lnkd.in/dS3wnsR', 'url': 'http://t.co/bSCLxwksJ2', 'indices': [117, 139], 'display_url': 'lnkd.in/dS3wnsR'}]",[],0,,
72434320,Really enjoying the @basistechnology hack-a-thon (#makisuday)! Building a #wordpress plug-in for multilingual Rosette-powered #solr search.,Thu Feb 27 17:37:55 +0000 2014,0,[],"[{'text': 'makisuday', 'indices': [50, 60]}, {'text': 'wordpress', 'indices': [74, 84]}, {'text': 'solr', 'indices': [126, 131]}]",1,,
72434320,"Hmm... http://t.co/10bPB6BaJ1 + http://t.co/TG35vDJX6S = ""Kim Jong Un is the enemy..."" #nlpfail or #lossofneutrality? http://t.co/thXjmNIrg0",Tue Feb 25 02:13:01 +0000 2014,0,"[{'expanded_url': 'http://translate.google.com', 'url': 'http://t.co/10bPB6BaJ1', 'indices': [7, 29], 'display_url': 'translate.google.com'}, {'expanded_url': 'http://ko.wikipedia.org/wiki/%EA%B9%80%EC%A0%95%EC%9D%80', 'url': 'http://t.co/TG35vDJX6S', 'indices': [32, 54], 'display_url': 'ko.wikipedia.org/wiki/%EA%B9%80‚Ä¶'}]","[{'text': 'nlpfail', 'indices': [87, 95]}, {'text': 'lossofneutrality', 'indices': [99, 116]}]",0,,
72434320,"Good stuff ~#humancomputation ‚Äú@stanfordnlp: Wkshp Viz, HCI &amp; NLP #acl2014 w/ @nlpnoah &amp; M Hearst http://t.co/YNrMDwwNl2 #nlproc #dataviz‚Äù",Sat Feb 15 00:16:40 +0000 2014,0,"[{'expanded_url': 'http://nlp.stanford.edu/events/illvi2014/', 'url': 'http://t.co/YNrMDwwNl2', 'indices': [106, 128], 'display_url': 'nlp.stanford.edu/events/illvi20‚Ä¶'}]","[{'text': 'humancomputation', 'indices': [12, 29]}, {'text': 'acl2014', 'indices': [70, 78]}, {'text': 'nlproc', 'indices': [129, 136]}, {'text': 'dataviz', 'indices': [137, 145]}]",0,stanfordnlp,434370688762138624
72434320,"RT @kdnuggets: Data Science Venn Diagram v2.0 -  how to find ""unicorn"" data scientist

Found at http://t.co/jGafZq7owW http://t.co/ZSZ4g3FR‚Ä¶",Fri Feb 07 15:19:07 +0000 2014,0,"[{'expanded_url': 'http://buff.ly/1cUAsan', 'url': 'http://t.co/jGafZq7owW', 'indices': [96, 118], 'display_url': 'buff.ly/1cUAsan'}]",[],167,,
72434320,RT @jplehmann: AWS tips I wish I'd known before I started http://t.co/EWHpu65wPb,Tue Feb 04 19:43:07 +0000 2014,0,"[{'expanded_url': 'http://wblinks.com/notes/aws-tips-i-wish-id-known-before-i-started/', 'url': 'http://t.co/EWHpu65wPb', 'indices': [58, 80], 'display_url': 'wblinks.com/notes/aws-tips‚Ä¶'}]",[],1,,
72434320,"RT @stanfordnlp: And so we look on as the term ""deep learning"" is bleached of all meaning: http://t.co/oyPP9Xtbhv",Sat Feb 01 15:46:19 +0000 2014,0,"[{'expanded_url': 'http://readwr.it/p175', 'url': 'http://t.co/oyPP9Xtbhv', 'indices': [91, 113], 'display_url': 'readwr.it/p175'}]",[],25,,
72434320,RT #thingsnotstrings @stanfordnlp NLP with named entities drives Facebook Trending: http://t.co/QxBbwoJJN0,Sat Jan 18 17:02:22 +0000 2014,0,"[{'expanded_url': 'http://venturebeat.com/2014/01/16/under-the-hood-how-facebook-built-trending-topics-with-natural-language-processing/', 'url': 'http://t.co/QxBbwoJJN0', 'indices': [84, 106], 'display_url': 'venturebeat.com/2014/01/16/und‚Ä¶'}]","[{'text': 'thingsnotstrings', 'indices': [3, 20]}]",0,,
72434320,RT @brostoevsky: seo expert walks into a bar bars tavern alehouse pub public house alcohol beer liquor whiskey,Thu Jan 02 22:22:10 +0000 2014,0,[],[],443,,
72434320,"Really proud of @basistechnology's new Highlight 6: intuitive, powerful #humancomputation. Kudos to @cp2boston et al. http://t.co/Am2YHImORF",Sat Nov 23 16:13:59 +0000 2013,0,"[{'expanded_url': 'http://www.basistech.com/highlight', 'url': 'http://t.co/Am2YHImORF', 'indices': [118, 140], 'display_url': 'basistech.com/highlight'}]","[{'text': 'humancomputation', 'indices': [72, 89]}]",0,,
72434320,Good to talk Accumulo+Lucene in SqrrlEnt with @_SecretStache_ and @ohshazbot at @sqrrl_inc's OH @hackreduce tonight - more fuzziness someday,Thu Nov 21 04:36:16 +0000 2013,2,[],[],1,,
72434320,"RT @AndrewYNg: RIP Ben Taskar. Machine learning just lost a star, and Stanford AI just lost a dear friend. http://t.co/P5222zM2n0",Wed Nov 20 01:47:27 +0000 2013,0,"[{'expanded_url': 'http://bit.ly/184C5H8', 'url': 'http://t.co/P5222zM2n0', 'indices': [107, 129], 'display_url': 'bit.ly/184C5H8'}]",[],57,,
72434320,"RT @KedarPavgi: A #DefOneSummit cyber panel with @peterwsinger, @Jason_Healey, Brian Carrier and Capt. Mark Hagerott (Ret) http://t.co/kX3n‚Ä¶",Thu Nov 14 14:50:30 +0000 2013,0,[],"[{'text': 'DefOneSummit', 'indices': [18, 31]}]",6,,
72434320,"Looking forward to #DefOneSummit Thursday, perhaps even discussing #humancomputation as a force multiplier to get #deepvalue from #bigdata.",Sat Nov 09 18:23:56 +0000 2013,0,[],"[{'text': 'DefOneSummit', 'indices': [19, 32]}, {'text': 'humancomputation', 'indices': [67, 84]}, {'text': 'deepvalue', 'indices': [114, 124]}, {'text': 'bigdata', 'indices': [130, 138]}]",0,,
72434320,Slides of my #HLTcon opening talk on Advances in HLT: http://t.co/8vKOzB7q6s #humancomputation #thingsnotstrings #charactersnotcharacters,Sat Nov 09 13:07:35 +0000 2013,0,"[{'expanded_url': 'http://www.slideshare.net/dmurga/from-research-to-reality-advances-in-hlt-2013', 'url': 'http://t.co/8vKOzB7q6s', 'indices': [54, 76], 'display_url': 'slideshare.net/dmurga/from-re‚Ä¶'}]","[{'text': 'HLTcon', 'indices': [13, 20]}, {'text': 'humancomputation', 'indices': [77, 94]}, {'text': 'thingsnotstrings', 'indices': [95, 112]}, {'text': 'charactersnotcharacters', 'indices': [113, 137]}]",1,,
72434320,If you only take away one thing from #HLTcon: HLT systems are moving from strings to things to deliver even more value to their missions.,Thu Nov 07 17:21:29 +0000 2013,0,[],"[{'text': 'HLTcon', 'indices': [37, 44]}]",0,,
72434320,On my way to #osscon and #hltcon to dig in to advances in HLT/NLP (http://t.co/KHQ4EA7fGJ).,Tue Nov 05 19:07:09 +0000 2013,0,"[{'expanded_url': 'http://basistechweek.com/', 'url': 'http://t.co/KHQ4EA7fGJ', 'indices': [67, 89], 'display_url': 'basistechweek.com'}]","[{'text': 'osscon', 'indices': [13, 20]}, {'text': 'hltcon', 'indices': [25, 32]}]",0,,
72434320,Pity there are no microphones for questions at #naacl2013,Mon Jun 10 19:09:48 +0000 2013,0,[],"[{'text': 'naacl2013', 'indices': [47, 57]}]",0,,
